INSERT INTO font (name, height, width, line_spacing,
	char_spacing, version_id) VALUES ('NORMAL', 7, 0, 0, 2, 36192);
INSERT INTO font (name, height, width, line_spacing,
	char_spacing, version_id) VALUES ('HINTED', 7, 0, 0, 0, 37200);
INSERT INTO font (name, height, width, line_spacing,
	char_spacing, version_id) VALUES ('MONO', 7, 5, 0, 0, 0);

INSERT INTO graphic (name, bpp, height, width, pixels)
	VALUES ('NORMAL_1', 1, 7, 1, 'AA==');
INSERT INTO glyph (name, font, code_point, graphic)
	VALUES ('NORMAL_1', 'NORMAL', 1, 'NORMAL_1');
INSERT INTO graphic (name, bpp, height, width, pixels)
	VALUES ('NORMAL_2', 1, 7, 1, 'AA==');
INSERT INTO glyph (name, font, code_point, graphic)
	VALUES ('NORMAL_2', 'NORMAL', 2, 'NORMAL_2');
INSERT INTO graphic (name, bpp, height, width, pixels)
	VALUES ('NORMAL_3', 1, 7, 1, 'AA==');
INSERT INTO glyph (name, font, code_point, graphic)
	VALUES ('NORMAL_3', 'NORMAL', 3, 'NORMAL_3');
INSERT INTO graphic (name, bpp, height, width, pixels)
	VALUES ('NORMAL_4', 1, 7, 1, 'AA==');
INSERT INTO glyph (name, font, code_point, graphic)
	VALUES ('NORMAL_4', 'NORMAL', 4, 'NORMAL_4');
INSERT INTO graphic (name, bpp, height, width, pixels)
	VALUES ('NORMAL_5', 1, 7, 1, 'AA==');
INSERT INTO glyph (name, font, code_point, graphic)
	VALUES ('NORMAL_5', 'NORMAL', 5, 'NORMAL_5');
INSERT INTO graphic (name, bpp, height, width, pixels)
	VALUES ('NORMAL_6', 1, 7, 1, 'AA==');
INSERT INTO glyph (name, font, code_point, graphic)
	VALUES ('NORMAL_6', 'NORMAL', 6, 'NORMAL_6');
INSERT INTO graphic (name, bpp, height, width, pixels)
	VALUES ('NORMAL_7', 1, 7, 1, 'AA==');
INSERT INTO glyph (name, font, code_point, graphic)
	VALUES ('NORMAL_7', 'NORMAL', 7, 'NORMAL_7');
INSERT INTO graphic (name, bpp, height, width, pixels)
	VALUES ('NORMAL_8', 1, 7, 1, 'AA==');
INSERT INTO glyph (name, font, code_point, graphic)
	VALUES ('NORMAL_8', 'NORMAL', 8, 'NORMAL_8');
INSERT INTO graphic (name, bpp, height, width, pixels)
	VALUES ('NORMAL_9', 1, 7, 1, 'AA==');
INSERT INTO glyph (name, font, code_point, graphic)
	VALUES ('NORMAL_9', 'NORMAL', 9, 'NORMAL_9');
INSERT INTO graphic (name, bpp, height, width, pixels)
	VALUES ('NORMAL_10', 1, 7, 1, 'AA==');
INSERT INTO glyph (name, font, code_point, graphic)
	VALUES ('NORMAL_10', 'NORMAL', 10, 'NORMAL_10');
INSERT INTO graphic (name, bpp, height, width, pixels)
	VALUES ('NORMAL_11', 1, 7, 1, 'AA==');
INSERT INTO glyph (name, font, code_point, graphic)
	VALUES ('NORMAL_11', 'NORMAL', 11, 'NORMAL_11');
INSERT INTO graphic (name, bpp, height, width, pixels)
	VALUES ('NORMAL_12', 1, 7, 1, 'AA==');
INSERT INTO glyph (name, font, code_point, graphic)
	VALUES ('NORMAL_12', 'NORMAL', 12, 'NORMAL_12');
INSERT INTO graphic (name, bpp, height, width, pixels)
	VALUES ('NORMAL_13', 1, 7, 1, 'AA==');
INSERT INTO glyph (name, font, code_point, graphic)
	VALUES ('NORMAL_13', 'NORMAL', 13, 'NORMAL_13');
INSERT INTO graphic (name, bpp, height, width, pixels)
	VALUES ('NORMAL_14', 1, 7, 1, 'AA==');
INSERT INTO glyph (name, font, code_point, graphic)
	VALUES ('NORMAL_14', 'NORMAL', 14, 'NORMAL_14');
INSERT INTO graphic (name, bpp, height, width, pixels)
	VALUES ('NORMAL_15', 1, 7, 1, 'AA==');
INSERT INTO glyph (name, font, code_point, graphic)
	VALUES ('NORMAL_15', 'NORMAL', 15, 'NORMAL_15');
INSERT INTO graphic (name, bpp, height, width, pixels)
	VALUES ('NORMAL_16', 1, 7, 1, 'AA==');
INSERT INTO glyph (name, font, code_point, graphic)
	VALUES ('NORMAL_16', 'NORMAL', 16, 'NORMAL_16');
INSERT INTO graphic (name, bpp, height, width, pixels)
	VALUES ('NORMAL_17', 1, 7, 1, 'AA==');
INSERT INTO glyph (name, font, code_point, graphic)
	VALUES ('NORMAL_17', 'NORMAL', 17, 'NORMAL_17');
INSERT INTO graphic (name, bpp, height, width, pixels)
	VALUES ('NORMAL_18', 1, 7, 1, 'AA==');
INSERT INTO glyph (name, font, code_point, graphic)
	VALUES ('NORMAL_18', 'NORMAL', 18, 'NORMAL_18');
INSERT INTO graphic (name, bpp, height, width, pixels)
	VALUES ('NORMAL_19', 1, 7, 1, 'AA==');
INSERT INTO glyph (name, font, code_point, graphic)
	VALUES ('NORMAL_19', 'NORMAL', 19, 'NORMAL_19');
INSERT INTO graphic (name, bpp, height, width, pixels)
	VALUES ('NORMAL_20', 1, 7, 1, 'AA==');
INSERT INTO glyph (name, font, code_point, graphic)
	VALUES ('NORMAL_20', 'NORMAL', 20, 'NORMAL_20');
INSERT INTO graphic (name, bpp, height, width, pixels)
	VALUES ('NORMAL_21', 1, 7, 1, 'AA==');
INSERT INTO glyph (name, font, code_point, graphic)
	VALUES ('NORMAL_21', 'NORMAL', 21, 'NORMAL_21');
INSERT INTO graphic (name, bpp, height, width, pixels)
	VALUES ('NORMAL_22', 1, 7, 1, 'AA==');
INSERT INTO glyph (name, font, code_point, graphic)
	VALUES ('NORMAL_22', 'NORMAL', 22, 'NORMAL_22');
INSERT INTO graphic (name, bpp, height, width, pixels)
	VALUES ('NORMAL_23', 1, 7, 1, 'AA==');
INSERT INTO glyph (name, font, code_point, graphic)
	VALUES ('NORMAL_23', 'NORMAL', 23, 'NORMAL_23');
INSERT INTO graphic (name, bpp, height, width, pixels)
	VALUES ('NORMAL_24', 1, 7, 1, 'AA==');
INSERT INTO glyph (name, font, code_point, graphic)
	VALUES ('NORMAL_24', 'NORMAL', 24, 'NORMAL_24');
INSERT INTO graphic (name, bpp, height, width, pixels)
	VALUES ('NORMAL_25', 1, 7, 1, 'AA==');
INSERT INTO glyph (name, font, code_point, graphic)
	VALUES ('NORMAL_25', 'NORMAL', 25, 'NORMAL_25');
INSERT INTO graphic (name, bpp, height, width, pixels)
	VALUES ('NORMAL_26', 1, 7, 1, 'AA==');
INSERT INTO glyph (name, font, code_point, graphic)
	VALUES ('NORMAL_26', 'NORMAL', 26, 'NORMAL_26');
INSERT INTO graphic (name, bpp, height, width, pixels)
	VALUES ('NORMAL_27', 1, 7, 1, 'AA==');
INSERT INTO glyph (name, font, code_point, graphic)
	VALUES ('NORMAL_27', 'NORMAL', 27, 'NORMAL_27');
INSERT INTO graphic (name, bpp, height, width, pixels)
	VALUES ('NORMAL_28', 1, 7, 1, 'AA==');
INSERT INTO glyph (name, font, code_point, graphic)
	VALUES ('NORMAL_28', 'NORMAL', 28, 'NORMAL_28');
INSERT INTO graphic (name, bpp, height, width, pixels)
	VALUES ('NORMAL_29', 1, 7, 1, 'AA==');
INSERT INTO glyph (name, font, code_point, graphic)
	VALUES ('NORMAL_29', 'NORMAL', 29, 'NORMAL_29');
INSERT INTO graphic (name, bpp, height, width, pixels)
	VALUES ('NORMAL_30', 1, 7, 1, 'AA==');
INSERT INTO glyph (name, font, code_point, graphic)
	VALUES ('NORMAL_30', 'NORMAL', 30, 'NORMAL_30');
INSERT INTO graphic (name, bpp, height, width, pixels)
	VALUES ('NORMAL_31', 1, 7, 1, 'AA==');
INSERT INTO glyph (name, font, code_point, graphic)
	VALUES ('NORMAL_31', 'NORMAL', 31, 'NORMAL_31');
INSERT INTO graphic (name, bpp, height, width, pixels)
	VALUES ('NORMAL_32', 1, 7, 1, 'AA==');
INSERT INTO glyph (name, font, code_point, graphic)
	VALUES ('NORMAL_32', 'NORMAL', 32, 'NORMAL_32');
INSERT INTO graphic (name, bpp, height, width, pixels)
	VALUES ('NORMAL_33', 1, 7, 3, 'SSQQ');
INSERT INTO glyph (name, font, code_point, graphic)
	VALUES ('NORMAL_33', 'NORMAL', 33, 'NORMAL_33');
INSERT INTO graphic (name, bpp, height, width, pixels)
	VALUES ('NORMAL_34', 1, 7, 3, 'tX8A');
INSERT INTO glyph (name, font, code_point, graphic)
	VALUES ('NORMAL_34', 'NORMAL', 34, 'NORMAL_34');
INSERT INTO graphic (name, bpp, height, width, pixels)
	VALUES ('NORMAL_35', 1, 7, 5, 'Ur2uqEA=');
INSERT INTO glyph (name, font, code_point, graphic)
	VALUES ('NORMAL_35', 'NORMAL', 35, 'NORMAL_35');
INSERT INTO graphic (name, bpp, height, width, pixels)
	VALUES ('NORMAL_36', 1, 7, 5, 'I+fh938=');
INSERT INTO glyph (name, font, code_point, graphic)
	VALUES ('NORMAL_36', 'NORMAL', 36, 'NORMAL_36');
INSERT INTO graphic (name, bpp, height, width, pixels)
	VALUES ('NORMAL_37', 1, 7, 5, 'xURETGA=');
INSERT INTO glyph (name, font, code_point, graphic)
	VALUES ('NORMAL_37', 'NORMAL', 37, 'NORMAL_37');
INSERT INTO graphic (name, bpp, height, width, pixels)
	VALUES ('NORMAL_38', 1, 7, 5, 'RSiJyJ8=');
INSERT INTO glyph (name, font, code_point, graphic)
	VALUES ('NORMAL_38', 'NORMAL', 38, 'NORMAL_38');
INSERT INTO graphic (name, bpp, height, width, pixels)
	VALUES ('NORMAL_39', 1, 7, 3, 'SQAA');
INSERT INTO glyph (name, font, code_point, graphic)
	VALUES ('NORMAL_39', 'NORMAL', 39, 'NORMAL_39');
INSERT INTO graphic (name, bpp, height, width, pixels)
	VALUES ('NORMAL_40', 1, 7, 3, 'KkiH');
INSERT INTO glyph (name, font, code_point, graphic)
	VALUES ('NORMAL_40', 'NORMAL', 40, 'NORMAL_40');
INSERT INTO graphic (name, bpp, height, width, pixels)
	VALUES ('NORMAL_41', 1, 7, 3, 'h5Gf');
INSERT INTO glyph (name, font, code_point, graphic)
	VALUES ('NORMAL_41', 'NORMAL', 41, 'NORMAL_41');
INSERT INTO graphic (name, bpp, height, width, pixels)
	VALUES ('NORMAL_42', 1, 7, 7, 'EFEUFEUEAA==');
INSERT INTO glyph (name, font, code_point, graphic)
	VALUES ('NORMAL_42', 'NORMAL', 42, 'NORMAL_42');
INSERT INTO graphic (name, bpp, height, width, pixels)
	VALUES ('NORMAL_43', 1, 7, 5, 'AQnxEAA=');
INSERT INTO glyph (name, font, code_point, graphic)
	VALUES ('NORMAL_43', 'NORMAL', 43, 'NORMAL_43');
INSERT INTO graphic (name, bpp, height, width, pixels)
	VALUES ('NORMAL_44', 1, 7, 3, 'AASf');
INSERT INTO glyph (name, font, code_point, graphic)
	VALUES ('NORMAL_44', 'NORMAL', 44, 'NORMAL_44');
INSERT INTO graphic (name, bpp, height, width, pixels)
	VALUES ('NORMAL_45', 1, 7, 4, 'AA8AAA==');
INSERT INTO glyph (name, font, code_point, graphic)
	VALUES ('NORMAL_45', 'NORMAL', 45, 'NORMAL_45');
INSERT INTO graphic (name, bpp, height, width, pixels)
	VALUES ('NORMAL_46', 1, 7, 3, 'AAGv');
INSERT INTO glyph (name, font, code_point, graphic)
	VALUES ('NORMAL_46', 'NORMAL', 46, 'NORMAL_46');
INSERT INTO graphic (name, bpp, height, width, pixels)
	VALUES ('NORMAL_47', 1, 7, 5, 'AEREQAA=');
INSERT INTO glyph (name, font, code_point, graphic)
	VALUES ('NORMAL_47', 'NORMAL', 47, 'NORMAL_47');
INSERT INTO graphic (name, bpp, height, width, pixels)
	VALUES ('NORMAL_48', 1, 7, 4, 'aZiYYA==');
INSERT INTO glyph (name, font, code_point, graphic)
	VALUES ('NORMAL_48', 'NORMAL', 48, 'NORMAL_48');
INSERT INTO graphic (name, bpp, height, width, pixels)
	VALUES ('NORMAL_49', 1, 7, 3, 'WSS3');
INSERT INTO glyph (name, font, code_point, graphic)
	VALUES ('NORMAL_49', 'NORMAL', 49, 'NORMAL_49');
INSERT INTO graphic (name, bpp, height, width, pixels)
	VALUES ('NORMAL_50', 1, 7, 4, 'aRJI7w==');
INSERT INTO glyph (name, font, code_point, graphic)
	VALUES ('NORMAL_50', 'NORMAL', 50, 'NORMAL_50');
INSERT INTO graphic (name, bpp, height, width, pixels)
	VALUES ('NORMAL_51', 1, 7, 4, 'aRYZYA==');
INSERT INTO glyph (name, font, code_point, graphic)
	VALUES ('NORMAL_51', 'NORMAL', 51, 'NORMAL_51');
INSERT INTO graphic (name, bpp, height, width, pixels)
	VALUES ('NORMAL_52', 1, 7, 5, 'EZQvh0A=');
INSERT INTO glyph (name, font, code_point, graphic)
	VALUES ('NORMAL_52', 'NORMAL', 52, 'NORMAL_52');
INSERT INTO graphic (name, bpp, height, width, pixels)
	VALUES ('NORMAL_53', 1, 7, 4, '94UZYA==');
INSERT INTO glyph (name, font, code_point, graphic)
	VALUES ('NORMAL_53', 'NORMAL', 53, 'NORMAL_53');
INSERT INTO graphic (name, bpp, height, width, pixels)
	VALUES ('NORMAL_54', 1, 7, 4, 'aY2YYA==');
INSERT INTO glyph (name, font, code_point, graphic)
	VALUES ('NORMAL_54', 'NORMAL', 54, 'NORMAL_54');
INSERT INTO graphic (name, bpp, height, width, pixels)
	VALUES ('NORMAL_55', 1, 7, 4, '8BIkQA==');
INSERT INTO glyph (name, font, code_point, graphic)
	VALUES ('NORMAL_55', 'NORMAL', 55, 'NORMAL_55');
INSERT INTO graphic (name, bpp, height, width, pixels)
	VALUES ('NORMAL_56', 1, 7, 4, 'aZWYYA==');
INSERT INTO glyph (name, font, code_point, graphic)
	VALUES ('NORMAL_56', 'NORMAL', 56, 'NORMAL_56');
INSERT INTO graphic (name, bpp, height, width, pixels)
	VALUES ('NORMAL_57', 1, 7, 4, 'aZYZYA==');
INSERT INTO glyph (name, font, code_point, graphic)
	VALUES ('NORMAL_57', 'NORMAL', 57, 'NORMAL_57');
INSERT INTO graphic (name, bpp, height, width, pixels)
	VALUES ('NORMAL_58', 1, 7, 2, 'CH8=');
INSERT INTO glyph (name, font, code_point, graphic)
	VALUES ('NORMAL_58', 'NORMAL', 58, 'NORMAL_58');
INSERT INTO graphic (name, bpp, height, width, pixels)
	VALUES ('NORMAL_59', 1, 7, 3, 'AQUA');
INSERT INTO glyph (name, font, code_point, graphic)
	VALUES ('NORMAL_59', 'NORMAL', 59, 'NORMAL_59');
INSERT INTO graphic (name, bpp, height, width, pixels)
	VALUES ('NORMAL_60', 1, 7, 4, 'EkhCEA==');
INSERT INTO glyph (name, font, code_point, graphic)
	VALUES ('NORMAL_60', 'NORMAL', 60, 'NORMAL_60');
INSERT INTO graphic (name, bpp, height, width, pixels)
	VALUES ('NORMAL_61', 1, 7, 5, 'AD4PfwA=');
INSERT INTO glyph (name, font, code_point, graphic)
	VALUES ('NORMAL_61', 'NORMAL', 61, 'NORMAL_61');
INSERT INTO graphic (name, bpp, height, width, pixels)
	VALUES ('NORMAL_62', 1, 7, 4, 'gyEkfw==');
INSERT INTO glyph (name, font, code_point, graphic)
	VALUES ('NORMAL_62', 'NORMAL', 62, 'NORMAL_62');
INSERT INTO graphic (name, bpp, height, width, pixels)
	VALUES ('NORMAL_63', 1, 7, 4, 'aRIgIA==');
INSERT INTO glyph (name, font, code_point, graphic)
	VALUES ('NORMAL_63', 'NORMAL', 63, 'NORMAL_63');
INSERT INTO graphic (name, bpp, height, width, pixels)
	VALUES ('NORMAL_64', 1, 7, 5, 'dG9bwL8=');
INSERT INTO glyph (name, font, code_point, graphic)
	VALUES ('NORMAL_64', 'NORMAL', 64, 'NORMAL_64');
INSERT INTO graphic (name, bpp, height, width, pixels)
	VALUES ('NORMAL_65', 1, 7, 4, 'aZ6Yjw==');
INSERT INTO glyph (name, font, code_point, graphic)
	VALUES ('NORMAL_65', 'NORMAL', 65, 'NORMAL_65');
INSERT INTO graphic (name, bpp, height, width, pixels)
	VALUES ('NORMAL_66', 1, 7, 4, '6J2Y3w==');
INSERT INTO glyph (name, font, code_point, graphic)
	VALUES ('NORMAL_66', 'NORMAL', 66, 'NORMAL_66');
INSERT INTO graphic (name, bpp, height, width, pixels)
	VALUES ('NORMAL_67', 1, 7, 4, 'aYeIYA==');
INSERT INTO glyph (name, font, code_point, graphic)
	VALUES ('NORMAL_67', 'NORMAL', 67, 'NORMAL_67');
INSERT INTO graphic (name, bpp, height, width, pixels)
	VALUES ('NORMAL_68', 1, 7, 4, '6JiY3w==');
INSERT INTO glyph (name, font, code_point, graphic)
	VALUES ('NORMAL_68', 'NORMAL', 68, 'NORMAL_68');
INSERT INTO graphic (name, bpp, height, width, pixels)
	VALUES ('NORMAL_69', 1, 7, 4, '942H7w==');
INSERT INTO glyph (name, font, code_point, graphic)
	VALUES ('NORMAL_69', 'NORMAL', 69, 'NORMAL_69');
INSERT INTO graphic (name, bpp, height, width, pixels)
	VALUES ('NORMAL_70', 1, 7, 4, '942Hfw==');
INSERT INTO glyph (name, font, code_point, graphic)
	VALUES ('NORMAL_70', 'NORMAL', 70, 'NORMAL_70');
INSERT INTO graphic (name, bpp, height, width, pixels)
	VALUES ('NORMAL_71', 1, 7, 4, 'aYe4cA==');
INSERT INTO glyph (name, font, code_point, graphic)
	VALUES ('NORMAL_71', 'NORMAL', 71, 'NORMAL_71');
INSERT INTO graphic (name, bpp, height, width, pixels)
	VALUES ('NORMAL_72', 1, 7, 4, 'mJ6Yjw==');
INSERT INTO glyph (name, font, code_point, graphic)
	VALUES ('NORMAL_72', 'NORMAL', 72, 'NORMAL_72');
INSERT INTO graphic (name, bpp, height, width, pixels)
	VALUES ('NORMAL_73', 1, 7, 1, '/g==');
INSERT INTO glyph (name, font, code_point, graphic)
	VALUES ('NORMAL_73', 'NORMAL', 73, 'NORMAL_73');
INSERT INTO graphic (name, bpp, height, width, pixels)
	VALUES ('NORMAL_74', 1, 7, 4, 'EREZYA==');
INSERT INTO glyph (name, font, code_point, graphic)
	VALUES ('NORMAL_74', 'NORMAL', 74, 'NORMAL_74');
INSERT INTO graphic (name, bpp, height, width, pixels)
	VALUES ('NORMAL_75', 1, 7, 4, 'mKuojw==');
INSERT INTO glyph (name, font, code_point, graphic)
	VALUES ('NORMAL_75', 'NORMAL', 75, 'NORMAL_75');
INSERT INTO graphic (name, bpp, height, width, pixels)
	VALUES ('NORMAL_76', 1, 7, 4, 'h4eH7w==');
INSERT INTO glyph (name, font, code_point, graphic)
	VALUES ('NORMAL_76', 'NORMAL', 76, 'NORMAL_76');
INSERT INTO graphic (name, bpp, height, width, pixels)
	VALUES ('NORMAL_77', 1, 7, 7, 'go4dWrFkfw==');
INSERT INTO glyph (name, font, code_point, graphic)
	VALUES ('NORMAL_77', 'NORMAL', 77, 'NORMAL_77');
INSERT INTO graphic (name, bpp, height, width, pixels)
	VALUES ('NORMAL_78', 1, 7, 5, 'jXNZzSA=');
INSERT INTO glyph (name, font, code_point, graphic)
	VALUES ('NORMAL_78', 'NORMAL', 78, 'NORMAL_78');
INSERT INTO graphic (name, bpp, height, width, pixels)
	VALUES ('NORMAL_79', 1, 7, 4, 'aZiYYA==');
INSERT INTO glyph (name, font, code_point, graphic)
	VALUES ('NORMAL_79', 'NORMAL', 79, 'NORMAL_79');
INSERT INTO graphic (name, bpp, height, width, pixels)
	VALUES ('NORMAL_80', 1, 7, 4, '6J2Hfw==');
INSERT INTO glyph (name, font, code_point, graphic)
	VALUES ('NORMAL_80', 'NORMAL', 80, 'NORMAL_80');
INSERT INTO graphic (name, bpp, height, width, pixels)
	VALUES ('NORMAL_81', 1, 7, 5, 'dGMayJ8=');
INSERT INTO glyph (name, font, code_point, graphic)
	VALUES ('NORMAL_81', 'NORMAL', 81, 'NORMAL_81');
INSERT INTO graphic (name, bpp, height, width, pixels)
	VALUES ('NORMAL_82', 1, 7, 4, '6J2ojw==');
INSERT INTO glyph (name, font, code_point, graphic)
	VALUES ('NORMAL_82', 'NORMAL', 82, 'NORMAL_82');
INSERT INTO graphic (name, bpp, height, width, pixels)
	VALUES ('NORMAL_83', 1, 7, 4, 'aYUZYA==');
INSERT INTO glyph (name, font, code_point, graphic)
	VALUES ('NORMAL_83', 'NORMAL', 83, 'NORMAL_83');
INSERT INTO graphic (name, bpp, height, width, pixels)
	VALUES ('NORMAL_84', 1, 7, 5, '+AhCEH8=');
INSERT INTO glyph (name, font, code_point, graphic)
	VALUES ('NORMAL_84', 'NORMAL', 84, 'NORMAL_84');
INSERT INTO graphic (name, bpp, height, width, pixels)
	VALUES ('NORMAL_85', 1, 7, 4, 'mJiYYA==');
INSERT INTO glyph (name, font, code_point, graphic)
	VALUES ('NORMAL_85', 'NORMAL', 85, 'NORMAL_85');
INSERT INTO graphic (name, bpp, height, width, pixels)
	VALUES ('NORMAL_86', 1, 7, 5, 'i2MVKH8=');
INSERT INTO glyph (name, font, code_point, graphic)
	VALUES ('NORMAL_86', 'NORMAL', 86, 'NORMAL_86');
INSERT INTO graphic (name, bpp, height, width, pixels)
	VALUES ('NORMAL_87', 1, 7, 7, 'ggYMmbfffw==');
INSERT INTO glyph (name, font, code_point, graphic)
	VALUES ('NORMAL_87', 'NORMAL', 87, 'NORMAL_87');
INSERT INTO graphic (name, bpp, height, width, pixels)
	VALUES ('NORMAL_88', 1, 7, 5, 'i1RFRiA=');
INSERT INTO glyph (name, font, code_point, graphic)
	VALUES ('NORMAL_88', 'NORMAL', 88, 'NORMAL_88');
INSERT INTO graphic (name, bpp, height, width, pixels)
	VALUES ('NORMAL_89', 1, 7, 5, 'i1RCEH8=');
INSERT INTO glyph (name, font, code_point, graphic)
	VALUES ('NORMAL_89', 'NORMAL', 89, 'NORMAL_89');
INSERT INTO graphic (name, bpp, height, width, pixels)
	VALUES ('NORMAL_90', 1, 7, 5, '90REQ98=');
INSERT INTO glyph (name, font, code_point, graphic)
	VALUES ('NORMAL_90', 'NORMAL', 90, 'NORMAL_90');
INSERT INTO graphic (name, bpp, height, width, pixels)
	VALUES ('NORMAL_91', 1, 7, 7, 'f39/j5/Gfw==');
INSERT INTO glyph (name, font, code_point, graphic)
	VALUES ('NORMAL_91', 'NORMAL', 91, 'NORMAL_91');
INSERT INTO graphic (name, bpp, height, width, pixels)
	VALUES ('NORMAL_92', 1, 7, 7, 'AggkiRg8AA==');
INSERT INTO glyph (name, font, code_point, graphic)
	VALUES ('NORMAL_92', 'NORMAL', 92, 'NORMAL_92');
INSERT INTO graphic (name, bpp, height, width, pixels)
	VALUES ('NORMAL_93', 1, 7, 7, 'ECBElEcEAA==');
INSERT INTO glyph (name, font, code_point, graphic)
	VALUES ('NORMAL_93', 'NORMAL', 93, 'NORMAL_93');
INSERT INTO graphic (name, bpp, height, width, pixels)
	VALUES ('NORMAL_94', 1, 7, 7, 'HgwokQggAA==');
INSERT INTO glyph (name, font, code_point, graphic)
	VALUES ('NORMAL_94', 'NORMAL', 94, 'NORMAL_94');
INSERT INTO graphic (name, bpp, height, width, pixels)
	VALUES ('NORMAL_95', 1, 7, 7, '8IGDf39/fw==');
INSERT INTO glyph (name, font, code_point, graphic)
	VALUES ('NORMAL_95', 'NORMAL', 95, 'NORMAL_95');
INSERT INTO graphic (name, bpp, height, width, pixels)
	VALUES ('NORMAL_96', 1, 7, 7, 'EEEH8wQEAA==');
INSERT INTO glyph (name, font, code_point, graphic)
	VALUES ('NORMAL_96', 'NORMAL', 96, 'NORMAL_96');
INSERT INTO graphic (name, bpp, height, width, pixels)
	VALUES ('NORMAL_97', 1, 7, 7, 'EBAX70EEAA==');
INSERT INTO glyph (name, font, code_point, graphic)
	VALUES ('NORMAL_97', 'NORMAL', 97, 'NORMAL_97');
INSERT INTO graphic (name, bpp, height, width, pixels)
	VALUES ('NORMAL_98', 1, 7, 7, 'EHFUkAIEAA==');
INSERT INTO glyph (name, font, code_point, graphic)
	VALUES ('NORMAL_98', 'NORMAL', 98, 'NORMAL_98');
INSERT INTO graphic (name, bpp, height, width, pixels)
	VALUES ('NORMAL_99', 1, 7, 3, 'VQAA');
INSERT INTO glyph (name, font, code_point, graphic)
	VALUES ('NORMAL_99', 'NORMAL', 99, 'NORMAL_99');

INSERT INTO graphic (name, bpp, height, width, pixels)
	VALUES ('HINTED_1', 1, 7, 1, 'AA==');
INSERT INTO glyph (name, font, code_point, graphic)
	VALUES ('HINTED_1', 'HINTED', 1, 'HINTED_1');
INSERT INTO graphic (name, bpp, height, width, pixels)
	VALUES ('HINTED_2', 1, 7, 1, 'AA==');
INSERT INTO glyph (name, font, code_point, graphic)
	VALUES ('HINTED_2', 'HINTED', 2, 'HINTED_2');
INSERT INTO graphic (name, bpp, height, width, pixels)
	VALUES ('HINTED_3', 1, 7, 1, 'AA==');
INSERT INTO glyph (name, font, code_point, graphic)
	VALUES ('HINTED_3', 'HINTED', 3, 'HINTED_3');
INSERT INTO graphic (name, bpp, height, width, pixels)
	VALUES ('HINTED_4', 1, 7, 1, 'AA==');
INSERT INTO glyph (name, font, code_point, graphic)
	VALUES ('HINTED_4', 'HINTED', 4, 'HINTED_4');
INSERT INTO graphic (name, bpp, height, width, pixels)
	VALUES ('HINTED_5', 1, 7, 1, 'AA==');
INSERT INTO glyph (name, font, code_point, graphic)
	VALUES ('HINTED_5', 'HINTED', 5, 'HINTED_5');
INSERT INTO graphic (name, bpp, height, width, pixels)
	VALUES ('HINTED_6', 1, 7, 1, 'AA==');
INSERT INTO glyph (name, font, code_point, graphic)
	VALUES ('HINTED_6', 'HINTED', 6, 'HINTED_6');
INSERT INTO graphic (name, bpp, height, width, pixels)
	VALUES ('HINTED_7', 1, 7, 1, 'AA==');
INSERT INTO glyph (name, font, code_point, graphic)
	VALUES ('HINTED_7', 'HINTED', 7, 'HINTED_7');
INSERT INTO graphic (name, bpp, height, width, pixels)
	VALUES ('HINTED_8', 1, 7, 1, 'AA==');
INSERT INTO glyph (name, font, code_point, graphic)
	VALUES ('HINTED_8', 'HINTED', 8, 'HINTED_8');
INSERT INTO graphic (name, bpp, height, width, pixels)
	VALUES ('HINTED_9', 1, 7, 1, 'AA==');
INSERT INTO glyph (name, font, code_point, graphic)
	VALUES ('HINTED_9', 'HINTED', 9, 'HINTED_9');
INSERT INTO graphic (name, bpp, height, width, pixels)
	VALUES ('HINTED_10', 1, 7, 1, 'AA==');
INSERT INTO glyph (name, font, code_point, graphic)
	VALUES ('HINTED_10', 'HINTED', 10, 'HINTED_10');
INSERT INTO graphic (name, bpp, height, width, pixels)
	VALUES ('HINTED_11', 1, 7, 1, 'AA==');
INSERT INTO glyph (name, font, code_point, graphic)
	VALUES ('HINTED_11', 'HINTED', 11, 'HINTED_11');
INSERT INTO graphic (name, bpp, height, width, pixels)
	VALUES ('HINTED_12', 1, 7, 1, 'AA==');
INSERT INTO glyph (name, font, code_point, graphic)
	VALUES ('HINTED_12', 'HINTED', 12, 'HINTED_12');
INSERT INTO graphic (name, bpp, height, width, pixels)
	VALUES ('HINTED_13', 1, 7, 1, 'AA==');
INSERT INTO glyph (name, font, code_point, graphic)
	VALUES ('HINTED_13', 'HINTED', 13, 'HINTED_13');
INSERT INTO graphic (name, bpp, height, width, pixels)
	VALUES ('HINTED_14', 1, 7, 1, 'AA==');
INSERT INTO glyph (name, font, code_point, graphic)
	VALUES ('HINTED_14', 'HINTED', 14, 'HINTED_14');
INSERT INTO graphic (name, bpp, height, width, pixels)
	VALUES ('HINTED_15', 1, 7, 1, 'AA==');
INSERT INTO glyph (name, font, code_point, graphic)
	VALUES ('HINTED_15', 'HINTED', 15, 'HINTED_15');
INSERT INTO graphic (name, bpp, height, width, pixels)
	VALUES ('HINTED_16', 1, 7, 1, 'AA==');
INSERT INTO glyph (name, font, code_point, graphic)
	VALUES ('HINTED_16', 'HINTED', 16, 'HINTED_16');
INSERT INTO graphic (name, bpp, height, width, pixels)
	VALUES ('HINTED_17', 1, 7, 1, 'AA==');
INSERT INTO glyph (name, font, code_point, graphic)
	VALUES ('HINTED_17', 'HINTED', 17, 'HINTED_17');
INSERT INTO graphic (name, bpp, height, width, pixels)
	VALUES ('HINTED_18', 1, 7, 1, 'AA==');
INSERT INTO glyph (name, font, code_point, graphic)
	VALUES ('HINTED_18', 'HINTED', 18, 'HINTED_18');
INSERT INTO graphic (name, bpp, height, width, pixels)
	VALUES ('HINTED_19', 1, 7, 1, 'AA==');
INSERT INTO glyph (name, font, code_point, graphic)
	VALUES ('HINTED_19', 'HINTED', 19, 'HINTED_19');
INSERT INTO graphic (name, bpp, height, width, pixels)
	VALUES ('HINTED_20', 1, 7, 1, 'AA==');
INSERT INTO glyph (name, font, code_point, graphic)
	VALUES ('HINTED_20', 'HINTED', 20, 'HINTED_20');
INSERT INTO graphic (name, bpp, height, width, pixels)
	VALUES ('HINTED_21', 1, 7, 1, 'AA==');
INSERT INTO glyph (name, font, code_point, graphic)
	VALUES ('HINTED_21', 'HINTED', 21, 'HINTED_21');
INSERT INTO graphic (name, bpp, height, width, pixels)
	VALUES ('HINTED_22', 1, 7, 1, 'AA==');
INSERT INTO glyph (name, font, code_point, graphic)
	VALUES ('HINTED_22', 'HINTED', 22, 'HINTED_22');
INSERT INTO graphic (name, bpp, height, width, pixels)
	VALUES ('HINTED_23', 1, 7, 1, 'AA==');
INSERT INTO glyph (name, font, code_point, graphic)
	VALUES ('HINTED_23', 'HINTED', 23, 'HINTED_23');
INSERT INTO graphic (name, bpp, height, width, pixels)
	VALUES ('HINTED_24', 1, 7, 1, 'AA==');
INSERT INTO glyph (name, font, code_point, graphic)
	VALUES ('HINTED_24', 'HINTED', 24, 'HINTED_24');
INSERT INTO graphic (name, bpp, height, width, pixels)
	VALUES ('HINTED_25', 1, 7, 1, 'AA==');
INSERT INTO glyph (name, font, code_point, graphic)
	VALUES ('HINTED_25', 'HINTED', 25, 'HINTED_25');
INSERT INTO graphic (name, bpp, height, width, pixels)
	VALUES ('HINTED_26', 1, 7, 1, 'AA==');
INSERT INTO glyph (name, font, code_point, graphic)
	VALUES ('HINTED_26', 'HINTED', 26, 'HINTED_26');
INSERT INTO graphic (name, bpp, height, width, pixels)
	VALUES ('HINTED_27', 1, 7, 1, 'AA==');
INSERT INTO glyph (name, font, code_point, graphic)
	VALUES ('HINTED_27', 'HINTED', 27, 'HINTED_27');
INSERT INTO graphic (name, bpp, height, width, pixels)
	VALUES ('HINTED_28', 1, 7, 1, 'AA==');
INSERT INTO glyph (name, font, code_point, graphic)
	VALUES ('HINTED_28', 'HINTED', 28, 'HINTED_28');
INSERT INTO graphic (name, bpp, height, width, pixels)
	VALUES ('HINTED_29', 1, 7, 1, 'AA==');
INSERT INTO glyph (name, font, code_point, graphic)
	VALUES ('HINTED_29', 'HINTED', 29, 'HINTED_29');
INSERT INTO graphic (name, bpp, height, width, pixels)
	VALUES ('HINTED_30', 1, 7, 1, 'AA==');
INSERT INTO glyph (name, font, code_point, graphic)
	VALUES ('HINTED_30', 'HINTED', 30, 'HINTED_30');
INSERT INTO graphic (name, bpp, height, width, pixels)
	VALUES ('HINTED_31', 1, 7, 1, 'AA==');
INSERT INTO glyph (name, font, code_point, graphic)
	VALUES ('HINTED_31', 'HINTED', 31, 'HINTED_31');
INSERT INTO graphic (name, bpp, height, width, pixels)
	VALUES ('HINTED_32', 1, 7, 2, 'AAA=');
INSERT INTO glyph (name, font, code_point, graphic)
	VALUES ('HINTED_32', 'HINTED', 32, 'HINTED_32');
INSERT INTO graphic (name, bpp, height, width, pixels)
	VALUES ('HINTED_33', 1, 7, 3, 'SSQQ');
INSERT INTO glyph (name, font, code_point, graphic)
	VALUES ('HINTED_33', 'HINTED', 33, 'HINTED_33');
INSERT INTO graphic (name, bpp, height, width, pixels)
	VALUES ('HINTED_34', 1, 7, 3, 'tX8A');
INSERT INTO glyph (name, font, code_point, graphic)
	VALUES ('HINTED_34', 'HINTED', 34, 'HINTED_34');
INSERT INTO graphic (name, bpp, height, width, pixels)
	VALUES ('HINTED_35', 1, 7, 7, 'KFHwR8QKAA==');
INSERT INTO glyph (name, font, code_point, graphic)
	VALUES ('HINTED_35', 'HINTED', 35, 'HINTED_35');
INSERT INTO graphic (name, bpp, height, width, pixels)
	VALUES ('HINTED_36', 1, 7, 7, 'EHlBwE8EAA==');
INSERT INTO glyph (name, font, code_point, graphic)
	VALUES ('HINTED_36', 'HINTED', 36, 'HINTED_36');
INSERT INTO graphic (name, bpp, height, width, pixels)
	VALUES ('HINTED_37', 1, 7, 7, 'YMcggQmCAA==');
INSERT INTO glyph (name, font, code_point, graphic)
	VALUES ('HINTED_37', 'HINTED', 37, 'HINTED_37');
INSERT INTO graphic (name, bpp, height, width, pixels)
	VALUES ('HINTED_38', 1, 7, 6, 'IUUIVSNe');
INSERT INTO glyph (name, font, code_point, graphic)
	VALUES ('HINTED_38', 'HINTED', 38, 'HINTED_38');
INSERT INTO graphic (name, bpp, height, width, pixels)
	VALUES ('HINTED_39', 1, 7, 1, '3w==');
INSERT INTO glyph (name, font, code_point, graphic)
	VALUES ('HINTED_39', 'HINTED', 39, 'HINTED_39');
INSERT INTO graphic (name, bpp, height, width, pixels)
	VALUES ('HINTED_40', 1, 7, 4, 'EkRCEA==');
INSERT INTO glyph (name, font, code_point, graphic)
	VALUES ('HINTED_40', 'HINTED', 40, 'HINTED_40');
INSERT INTO graphic (name, bpp, height, width, pixels)
	VALUES ('HINTED_41', 1, 7, 4, 'QhESQA==');
INSERT INTO glyph (name, font, code_point, graphic)
	VALUES ('HINTED_41', 'HINTED', 41, 'HINTED_41');
INSERT INTO graphic (name, bpp, height, width, pixels)
	VALUES ('HINTED_42', 1, 7, 7, 'EFEUFEUEAA==');
INSERT INTO glyph (name, font, code_point, graphic)
	VALUES ('HINTED_42', 'HINTED', 42, 'HINTED_42');
INSERT INTO graphic (name, bpp, height, width, pixels)
	VALUES ('HINTED_43', 1, 7, 5, 'AQnxEAA=');
INSERT INTO glyph (name, font, code_point, graphic)
	VALUES ('HINTED_43', 'HINTED', 43, 'HINTED_43');
INSERT INTO graphic (name, bpp, height, width, pixels)
	VALUES ('HINTED_44', 1, 7, 3, 'AASl');
INSERT INTO glyph (name, font, code_point, graphic)
	VALUES ('HINTED_44', 'HINTED', 44, 'HINTED_44');
INSERT INTO graphic (name, bpp, height, width, pixels)
	VALUES ('HINTED_45', 1, 7, 4, 'AA8AAA==');
INSERT INTO glyph (name, font, code_point, graphic)
	VALUES ('HINTED_45', 'HINTED', 45, 'HINTED_45');
INSERT INTO graphic (name, bpp, height, width, pixels)
	VALUES ('HINTED_46', 1, 7, 3, 'AAGv');
INSERT INTO glyph (name, font, code_point, graphic)
	VALUES ('HINTED_46', 'HINTED', 46, 'HINTED_46');
INSERT INTO graphic (name, bpp, height, width, pixels)
	VALUES ('HINTED_47', 1, 7, 7, 'AAgggQgAAA==');
INSERT INTO glyph (name, font, code_point, graphic)
	VALUES ('HINTED_47', 'HINTED', 47, 'HINTED_47');
INSERT INTO graphic (name, bpp, height, width, pixels)
	VALUES ('HINTED_48', 1, 7, 6, 'MSSRSSMA');
INSERT INTO glyph (name, font, code_point, graphic)
	VALUES ('HINTED_48', 'HINTED', 48, 'HINTED_48');
INSERT INTO graphic (name, bpp, height, width, pixels)
	VALUES ('HINTED_49', 1, 7, 5, 'IwhCEb8=');
INSERT INTO glyph (name, font, code_point, graphic)
	VALUES ('HINTED_49', 'HINTED', 49, 'HINTED_49');
INSERT INTO graphic (name, bpp, height, width, pixels)
	VALUES ('HINTED_50', 1, 7, 6, 'MSCDIQd/');
INSERT INTO glyph (name, font, code_point, graphic)
	VALUES ('HINTED_50', 'HINTED', 50, 'HINTED_50');
INSERT INTO graphic (name, bpp, height, width, pixels)
	VALUES ('HINTED_51', 1, 7, 6, 'MSCLCSMA');
INSERT INTO glyph (name, font, code_point, graphic)
	VALUES ('HINTED_51', 'HINTED', 51, 'HINTED_51');
INSERT INTO graphic (name, bpp, height, width, pixels)
	VALUES ('HINTED_52', 1, 7, 6, 'CGKRfCCC');
INSERT INTO glyph (name, font, code_point, graphic)
	VALUES ('HINTED_52', 'HINTED', 52, 'HINTED_52');
INSERT INTO graphic (name, bpp, height, width, pixels)
	VALUES ('HINTED_53', 1, 7, 5, 'ehBgo9I=');
INSERT INTO glyph (name, font, code_point, graphic)
	VALUES ('HINTED_53', 'HINTED', 53, 'HINTED_53');
INSERT INTO graphic (name, bpp, height, width, pixels)
	VALUES ('HINTED_54', 1, 7, 5, 'MlDjo9Y=');
INSERT INTO glyph (name, font, code_point, graphic)
	VALUES ('HINTED_54', 'HINTED', 54, 'HINTED_54');
INSERT INTO graphic (name, bpp, height, width, pixels)
	VALUES ('HINTED_55', 1, 7, 4, '8BIkQA==');
INSERT INTO glyph (name, font, code_point, graphic)
	VALUES ('HINTED_55', 'HINTED', 55, 'HINTED_55');
INSERT INTO graphic (name, bpp, height, width, pixels)
	VALUES ('HINTED_56', 1, 7, 5, 'MlJko9Y=');
INSERT INTO glyph (name, font, code_point, graphic)
	VALUES ('HINTED_56', 'HINTED', 56, 'HINTED_56');
INSERT INTO graphic (name, bpp, height, width, pixels)
	VALUES ('HINTED_57', 1, 7, 5, 'MlJwo9Y=');
INSERT INTO glyph (name, font, code_point, graphic)
	VALUES ('HINTED_57', 'HINTED', 57, 'HINTED_57');
INSERT INTO graphic (name, bpp, height, width, pixels)
	VALUES ('HINTED_58', 1, 7, 2, 'CIA=');
INSERT INTO glyph (name, font, code_point, graphic)
	VALUES ('HINTED_58', 'HINTED', 58, 'HINTED_58');
INSERT INTO graphic (name, bpp, height, width, pixels)
	VALUES ('HINTED_59', 1, 7, 3, 'AQUE');
INSERT INTO glyph (name, font, code_point, graphic)
	VALUES ('HINTED_59', 'HINTED', 59, 'HINTED_59');
INSERT INTO graphic (name, bpp, height, width, pixels)
	VALUES ('HINTED_60', 1, 7, 4, 'EkhCGA==');
INSERT INTO glyph (name, font, code_point, graphic)
	VALUES ('HINTED_60', 'HINTED', 60, 'HINTED_60');
INSERT INTO graphic (name, bpp, height, width, pixels)
	VALUES ('HINTED_61', 1, 7, 5, 'AD4PfwA=');
INSERT INTO glyph (name, font, code_point, graphic)
	VALUES ('HINTED_61', 'HINTED', 61, 'HINTED_61');
INSERT INTO graphic (name, bpp, height, width, pixels)
	VALUES ('HINTED_62', 1, 7, 5, 'QQQREQA=');
INSERT INTO glyph (name, font, code_point, graphic)
	VALUES ('HINTED_62', 'HINTED', 62, 'HINTED_62');
INSERT INTO graphic (name, bpp, height, width, pixels)
	VALUES ('HINTED_63', 1, 7, 4, 'aRIgIA==');
INSERT INTO glyph (name, font, code_point, graphic)
	VALUES ('HINTED_63', 'HINTED', 63, 'HINTED_63');
INSERT INTO graphic (name, bpp, height, width, pixels)
	VALUES ('HINTED_64', 1, 7, 6, 'ORXUXQOe');
INSERT INTO glyph (name, font, code_point, graphic)
	VALUES ('HINTED_64', 'HINTED', 64, 'HINTED_64');
INSERT INTO graphic (name, bpp, height, width, pixels)
	VALUES ('HINTED_65', 1, 7, 6, 'MSSdSSR/');
INSERT INTO glyph (name, font, code_point, graphic)
	VALUES ('HINTED_65', 'HINTED', 65, 'HINTED_65');
INSERT INTO graphic (name, bpp, height, width, pixels)
	VALUES ('HINTED_66', 1, 7, 6, 'cSSbSScA');
INSERT INTO glyph (name, font, code_point, graphic)
	VALUES ('HINTED_66', 'HINTED', 66, 'HINTED_66');
INSERT INTO graphic (name, bpp, height, width, pixels)
	VALUES ('HINTED_67', 1, 7, 6, 'MSQQQSMA');
INSERT INTO glyph (name, font, code_point, graphic)
	VALUES ('HINTED_67', 'HINTED', 67, 'HINTED_67');
INSERT INTO graphic (name, bpp, height, width, pixels)
	VALUES ('HINTED_68', 1, 7, 6, 'cSSRSScA');
INSERT INTO glyph (name, font, code_point, graphic)
	VALUES ('HINTED_68', 'HINTED', 68, 'HINTED_68');
INSERT INTO graphic (name, bpp, height, width, pixels)
	VALUES ('HINTED_69', 1, 7, 6, 'eQQcQQd/');
INSERT INTO glyph (name, font, code_point, graphic)
	VALUES ('HINTED_69', 'HINTED', 69, 'HINTED_69');
INSERT INTO graphic (name, bpp, height, width, pixels)
	VALUES ('HINTED_70', 1, 7, 5, 'ehDjIQA=');
INSERT INTO glyph (name, font, code_point, graphic)
	VALUES ('HINTED_70', 'HINTED', 70, 'HINTED_70');
INSERT INTO graphic (name, bpp, height, width, pixels)
	VALUES ('HINTED_71', 1, 7, 6, 'MSQQWSMA');
INSERT INTO glyph (name, font, code_point, graphic)
	VALUES ('HINTED_71', 'HINTED', 71, 'HINTED_71');
INSERT INTO graphic (name, bpp, height, width, pixels)
	VALUES ('HINTED_72', 1, 7, 6, 'SSSdSSR/');
INSERT INTO glyph (name, font, code_point, graphic)
	VALUES ('HINTED_72', 'HINTED', 72, 'HINTED_72');
INSERT INTO graphic (name, bpp, height, width, pixels)
	VALUES ('HINTED_73', 1, 7, 3, 'SSST');
INSERT INTO glyph (name, font, code_point, graphic)
	VALUES ('HINTED_73', 'HINTED', 73, 'HINTED_73');
INSERT INTO graphic (name, bpp, height, width, pixels)
	VALUES ('HINTED_74', 1, 7, 5, 'EIMhSX8=');
INSERT INTO glyph (name, font, code_point, graphic)
	VALUES ('HINTED_74', 'HINTED', 74, 'HINTED_74');
INSERT INTO graphic (name, bpp, height, width, pixels)
	VALUES ('HINTED_75', 1, 7, 6, 'SSUYUSR/');
INSERT INTO glyph (name, font, code_point, graphic)
	VALUES ('HINTED_75', 'HINTED', 75, 'HINTED_75');
INSERT INTO graphic (name, bpp, height, width, pixels)
	VALUES ('HINTED_76', 1, 7, 5, 'QhCDId8=');
INSERT INTO glyph (name, font, code_point, graphic)
	VALUES ('HINTED_76', 'HINTED', 76, 'HINTED_76');
INSERT INTO graphic (name, bpp, height, width, pixels)
	VALUES ('HINTED_77', 1, 7, 9, 'QTGXyaRSSSQ=');
INSERT INTO glyph (name, font, code_point, graphic)
	VALUES ('HINTED_77', 'HINTED', 77, 'HINTED_77');
INSERT INTO graphic (name, bpp, height, width, pixels)
	VALUES ('HINTED_78', 1, 7, 7, 'RMiRo8iQAA==');
INSERT INTO glyph (name, font, code_point, graphic)
	VALUES ('HINTED_78', 'HINTED', 78, 'HINTED_78');
INSERT INTO graphic (name, bpp, height, width, pixels)
	VALUES ('HINTED_79', 1, 7, 6, 'MSSRSSMA');
INSERT INTO glyph (name, font, code_point, graphic)
	VALUES ('HINTED_79', 'HINTED', 79, 'HINTED_79');
INSERT INTO graphic (name, bpp, height, width, pixels)
	VALUES ('HINTED_80', 1, 7, 5, 'clLjIQw=');
INSERT INTO glyph (name, font, code_point, graphic)
	VALUES ('HINTED_80', 'HINTED', 80, 'HINTED_80');
INSERT INTO graphic (name, bpp, height, width, pixels)
	VALUES ('HINTED_81', 1, 7, 7, 'OIgSJUkNAA==');
INSERT INTO glyph (name, font, code_point, graphic)
	VALUES ('HINTED_81', 'HINTED', 81, 'HINTED_81');
INSERT INTO graphic (name, bpp, height, width, pixels)
	VALUES ('HINTED_82', 1, 7, 6, 'cSSbUSR/');
INSERT INTO glyph (name, font, code_point, graphic)
	VALUES ('HINTED_82', 'HINTED', 82, 'HINTED_82');
INSERT INTO graphic (name, bpp, height, width, pixels)
	VALUES ('HINTED_83', 1, 7, 6, 'MSQMCSMA');
INSERT INTO glyph (name, font, code_point, graphic)
	VALUES ('HINTED_83', 'HINTED', 83, 'HINTED_83');
INSERT INTO graphic (name, bpp, height, width, pixels)
	VALUES ('HINTED_84', 1, 7, 5, '+AhCEII=');
INSERT INTO glyph (name, font, code_point, graphic)
	VALUES ('HINTED_84', 'HINTED', 84, 'HINTED_84');
INSERT INTO graphic (name, bpp, height, width, pixels)
	VALUES ('HINTED_85', 1, 7, 6, 'SSSRSSMA');
INSERT INTO glyph (name, font, code_point, graphic)
	VALUES ('HINTED_85', 'HINTED', 85, 'HINTED_85');
INSERT INTO graphic (name, bpp, height, width, pixels)
	VALUES ('HINTED_86', 1, 7, 7, 'RIgSIoQEAA==');
INSERT INTO glyph (name, font, code_point, graphic)
	VALUES ('HINTED_86', 'HINTED', 86, 'HINTED_86');
INSERT INTO graphic (name, bpp, height, width, pixels)
	VALUES ('HINTED_87', 1, 7, 9, 'QSCPSSVTGQQ=');
INSERT INTO glyph (name, font, code_point, graphic)
	VALUES ('HINTED_87', 'HINTED', 87, 'HINTED_87');
INSERT INTO graphic (name, bpp, height, width, pixels)
	VALUES ('HINTED_88', 1, 7, 7, 'RIefgYeQAA==');
INSERT INTO glyph (name, font, code_point, graphic)
	VALUES ('HINTED_88', 'HINTED', 88, 'HINTED_88');
INSERT INTO graphic (name, bpp, height, width, pixels)
	VALUES ('HINTED_89', 1, 7, 5, 'i1RCEIE=');
INSERT INTO glyph (name, font, code_point, graphic)
	VALUES ('HINTED_89', 'HINTED', 89, 'HINTED_89');
INSERT INTO graphic (name, bpp, height, width, pixels)
	VALUES ('HINTED_90', 1, 7, 7, 'fAgggQgfAA==');
INSERT INTO glyph (name, font, code_point, graphic)
	VALUES ('HINTED_90', 'HINTED', 90, 'HINTED_90');
INSERT INTO graphic (name, bpp, height, width, pixels)
	VALUES ('HINTED_91', 1, 7, 8, 'f0AgEgoGHg==');
INSERT INTO glyph (name, font, code_point, graphic)
	VALUES ('HINTED_91', 'HINTED', 91, 'HINTED_91');
INSERT INTO graphic (name, bpp, height, width, pixels)
	VALUES ('HINTED_92', 1, 7, 8, 'AQIESFBgeA==');
INSERT INTO glyph (name, font, code_point, graphic)
	VALUES ('HINTED_92', 'HINTED', 92, 'HINTED_92');
INSERT INTO graphic (name, bpp, height, width, pixels)
	VALUES ('HINTED_93', 1, 7, 7, 'ECBElEcEAA==');
INSERT INTO glyph (name, font, code_point, graphic)
	VALUES ('HINTED_93', 'HINTED', 93, 'HINTED_93');
INSERT INTO graphic (name, bpp, height, width, pixels)
	VALUES ('HINTED_94', 1, 7, 8, 'HgYKEiBAfw==');
INSERT INTO glyph (name, font, code_point, graphic)
	VALUES ('HINTED_94', 'HINTED', 94, 'HINTED_94');
INSERT INTO graphic (name, bpp, height, width, pixels)
	VALUES ('HINTED_95', 1, 7, 8, 'eGBQSAQCAQ==');
INSERT INTO glyph (name, font, code_point, graphic)
	VALUES ('HINTED_95', 'HINTED', 95, 'HINTED_95');
INSERT INTO graphic (name, bpp, height, width, pixels)
	VALUES ('HINTED_96', 1, 7, 7, 'EEEH8wQEAA==');
INSERT INTO glyph (name, font, code_point, graphic)
	VALUES ('HINTED_96', 'HINTED', 96, 'HINTED_96');
INSERT INTO graphic (name, bpp, height, width, pixels)
	VALUES ('HINTED_97', 1, 7, 7, 'EBAX70EEAA==');
INSERT INTO glyph (name, font, code_point, graphic)
	VALUES ('HINTED_97', 'HINTED', 97, 'HINTED_97');
INSERT INTO graphic (name, bpp, height, width, pixels)
	VALUES ('HINTED_98', 1, 7, 7, 'EHFUkAIEAA==');
INSERT INTO glyph (name, font, code_point, graphic)
	VALUES ('HINTED_98', 'HINTED', 98, 'HINTED_98');
INSERT INTO graphic (name, bpp, height, width, pixels)
	VALUES ('HINTED_99', 1, 7, 3, 'VQAA');
INSERT INTO glyph (name, font, code_point, graphic)
	VALUES ('HINTED_99', 'HINTED', 99, 'HINTED_99');

INSERT INTO graphic (name, bpp, height, width, pixels)
	VALUES ('MONO_1', 1, 7, 5, 'AAAAAAA=');
INSERT INTO glyph (name, font, code_point, graphic)
	VALUES ('MONO_1', 'MONO', 1, 'MONO_1');
INSERT INTO graphic (name, bpp, height, width, pixels)
	VALUES ('MONO_2', 1, 7, 5, 'AAAAAAA=');
INSERT INTO glyph (name, font, code_point, graphic)
	VALUES ('MONO_2', 'MONO', 2, 'MONO_2');
INSERT INTO graphic (name, bpp, height, width, pixels)
	VALUES ('MONO_3', 1, 7, 5, 'AAAAAAA=');
INSERT INTO glyph (name, font, code_point, graphic)
	VALUES ('MONO_3', 'MONO', 3, 'MONO_3');
INSERT INTO graphic (name, bpp, height, width, pixels)
	VALUES ('MONO_4', 1, 7, 5, 'AAAAAAA=');
INSERT INTO glyph (name, font, code_point, graphic)
	VALUES ('MONO_4', 'MONO', 4, 'MONO_4');
INSERT INTO graphic (name, bpp, height, width, pixels)
	VALUES ('MONO_5', 1, 7, 5, 'AAAAAAA=');
INSERT INTO glyph (name, font, code_point, graphic)
	VALUES ('MONO_5', 'MONO', 5, 'MONO_5');
INSERT INTO graphic (name, bpp, height, width, pixels)
	VALUES ('MONO_6', 1, 7, 5, 'AAAAAAA=');
INSERT INTO glyph (name, font, code_point, graphic)
	VALUES ('MONO_6', 'MONO', 6, 'MONO_6');
INSERT INTO graphic (name, bpp, height, width, pixels)
	VALUES ('MONO_7', 1, 7, 5, 'AAAAAAA=');
INSERT INTO glyph (name, font, code_point, graphic)
	VALUES ('MONO_7', 'MONO', 7, 'MONO_7');
INSERT INTO graphic (name, bpp, height, width, pixels)
	VALUES ('MONO_8', 1, 7, 5, 'AAAAAAA=');
INSERT INTO glyph (name, font, code_point, graphic)
	VALUES ('MONO_8', 'MONO', 8, 'MONO_8');
INSERT INTO graphic (name, bpp, height, width, pixels)
	VALUES ('MONO_9', 1, 7, 5, 'AAAAAAA=');
INSERT INTO glyph (name, font, code_point, graphic)
	VALUES ('MONO_9', 'MONO', 9, 'MONO_9');
INSERT INTO graphic (name, bpp, height, width, pixels)
	VALUES ('MONO_10', 1, 7, 5, 'AAAAAAA=');
INSERT INTO glyph (name, font, code_point, graphic)
	VALUES ('MONO_10', 'MONO', 10, 'MONO_10');
INSERT INTO graphic (name, bpp, height, width, pixels)
	VALUES ('MONO_11', 1, 7, 5, 'AAAAAAA=');
INSERT INTO glyph (name, font, code_point, graphic)
	VALUES ('MONO_11', 'MONO', 11, 'MONO_11');
INSERT INTO graphic (name, bpp, height, width, pixels)
	VALUES ('MONO_12', 1, 7, 5, 'AAAAAAA=');
INSERT INTO glyph (name, font, code_point, graphic)
	VALUES ('MONO_12', 'MONO', 12, 'MONO_12');
INSERT INTO graphic (name, bpp, height, width, pixels)
	VALUES ('MONO_13', 1, 7, 5, 'AAAAAAA=');
INSERT INTO glyph (name, font, code_point, graphic)
	VALUES ('MONO_13', 'MONO', 13, 'MONO_13');
INSERT INTO graphic (name, bpp, height, width, pixels)
	VALUES ('MONO_14', 1, 7, 5, 'AAAAAAA=');
INSERT INTO glyph (name, font, code_point, graphic)
	VALUES ('MONO_14', 'MONO', 14, 'MONO_14');
INSERT INTO graphic (name, bpp, height, width, pixels)
	VALUES ('MONO_15', 1, 7, 5, 'AAAAAAA=');
INSERT INTO glyph (name, font, code_point, graphic)
	VALUES ('MONO_15', 'MONO', 15, 'MONO_15');
INSERT INTO graphic (name, bpp, height, width, pixels)
	VALUES ('MONO_16', 1, 7, 5, 'AAAAAAA=');
INSERT INTO glyph (name, font, code_point, graphic)
	VALUES ('MONO_16', 'MONO', 16, 'MONO_16');
INSERT INTO graphic (name, bpp, height, width, pixels)
	VALUES ('MONO_17', 1, 7, 5, 'AAAAAAA=');
INSERT INTO glyph (name, font, code_point, graphic)
	VALUES ('MONO_17', 'MONO', 17, 'MONO_17');
INSERT INTO graphic (name, bpp, height, width, pixels)
	VALUES ('MONO_18', 1, 7, 5, 'AAAAAAA=');
INSERT INTO glyph (name, font, code_point, graphic)
	VALUES ('MONO_18', 'MONO', 18, 'MONO_18');
INSERT INTO graphic (name, bpp, height, width, pixels)
	VALUES ('MONO_19', 1, 7, 5, 'AAAAAAA=');
INSERT INTO glyph (name, font, code_point, graphic)
	VALUES ('MONO_19', 'MONO', 19, 'MONO_19');
INSERT INTO graphic (name, bpp, height, width, pixels)
	VALUES ('MONO_20', 1, 7, 5, 'AAAAAAA=');
INSERT INTO glyph (name, font, code_point, graphic)
	VALUES ('MONO_20', 'MONO', 20, 'MONO_20');
INSERT INTO graphic (name, bpp, height, width, pixels)
	VALUES ('MONO_21', 1, 7, 5, 'AAAAAAA=');
INSERT INTO glyph (name, font, code_point, graphic)
	VALUES ('MONO_21', 'MONO', 21, 'MONO_21');
INSERT INTO graphic (name, bpp, height, width, pixels)
	VALUES ('MONO_22', 1, 7, 5, 'AAAAAAA=');
INSERT INTO glyph (name, font, code_point, graphic)
	VALUES ('MONO_22', 'MONO', 22, 'MONO_22');
INSERT INTO graphic (name, bpp, height, width, pixels)
	VALUES ('MONO_23', 1, 7, 5, 'AAAAAAA=');
INSERT INTO glyph (name, font, code_point, graphic)
	VALUES ('MONO_23', 'MONO', 23, 'MONO_23');
INSERT INTO graphic (name, bpp, height, width, pixels)
	VALUES ('MONO_24', 1, 7, 5, 'AAAAAAA=');
INSERT INTO glyph (name, font, code_point, graphic)
	VALUES ('MONO_24', 'MONO', 24, 'MONO_24');
INSERT INTO graphic (name, bpp, height, width, pixels)
	VALUES ('MONO_25', 1, 7, 5, 'AAAAAAA=');
INSERT INTO glyph (name, font, code_point, graphic)
	VALUES ('MONO_25', 'MONO', 25, 'MONO_25');
INSERT INTO graphic (name, bpp, height, width, pixels)
	VALUES ('MONO_26', 1, 7, 5, 'AAAAAAA=');
INSERT INTO glyph (name, font, code_point, graphic)
	VALUES ('MONO_26', 'MONO', 26, 'MONO_26');
INSERT INTO graphic (name, bpp, height, width, pixels)
	VALUES ('MONO_27', 1, 7, 5, 'AAAAAAA=');
INSERT INTO glyph (name, font, code_point, graphic)
	VALUES ('MONO_27', 'MONO', 27, 'MONO_27');
INSERT INTO graphic (name, bpp, height, width, pixels)
	VALUES ('MONO_28', 1, 7, 5, 'AAAAAAA=');
INSERT INTO glyph (name, font, code_point, graphic)
	VALUES ('MONO_28', 'MONO', 28, 'MONO_28');
INSERT INTO graphic (name, bpp, height, width, pixels)
	VALUES ('MONO_29', 1, 7, 5, 'AAAAAAA=');
INSERT INTO glyph (name, font, code_point, graphic)
	VALUES ('MONO_29', 'MONO', 29, 'MONO_29');
INSERT INTO graphic (name, bpp, height, width, pixels)
	VALUES ('MONO_30', 1, 7, 5, 'AAAAAAA=');
INSERT INTO glyph (name, font, code_point, graphic)
	VALUES ('MONO_30', 'MONO', 30, 'MONO_30');
INSERT INTO graphic (name, bpp, height, width, pixels)
	VALUES ('MONO_31', 1, 7, 5, 'AAAAAAA=');
INSERT INTO glyph (name, font, code_point, graphic)
	VALUES ('MONO_31', 'MONO', 31, 'MONO_31');
INSERT INTO graphic (name, bpp, height, width, pixels)
	VALUES ('MONO_32', 1, 7, 5, 'AAAAAAA=');
INSERT INTO glyph (name, font, code_point, graphic)
	VALUES ('MONO_32', 'MONO', 32, 'MONO_32');
INSERT INTO graphic (name, bpp, height, width, pixels)
	VALUES ('MONO_33', 1, 7, 5, 'IQhCAH8=');
INSERT INTO glyph (name, font, code_point, graphic)
	VALUES ('MONO_33', 'MONO', 33, 'MONO_33');
INSERT INTO graphic (name, bpp, height, width, pixels)
	VALUES ('MONO_34', 1, 7, 5, 'Un8AAAA=');
INSERT INTO glyph (name, font, code_point, graphic)
	VALUES ('MONO_34', 'MONO', 34, 'MONO_34');
INSERT INTO graphic (name, bpp, height, width, pixels)
	VALUES ('MONO_35', 1, 7, 5, 'Ur2uqEA=');
INSERT INTO glyph (name, font, code_point, graphic)
	VALUES ('MONO_35', 'MONO', 35, 'MONO_35');
INSERT INTO graphic (name, bpp, height, width, pixels)
	VALUES ('MONO_36', 1, 7, 5, 'I6fht38=');
INSERT INTO glyph (name, font, code_point, graphic)
	VALUES ('MONO_36', 'MONO', 36, 'MONO_36');
INSERT INTO graphic (name, bpp, height, width, pixels)
	VALUES ('MONO_37', 1, 7, 5, 'zYNELmA=');
INSERT INTO glyph (name, font, code_point, graphic)
	VALUES ('MONO_37', 'MONO', 37, 'MONO_37');
INSERT INTO graphic (name, bpp, height, width, pixels)
	VALUES ('MONO_38', 1, 7, 5, 'IoioqJ8=');
INSERT INTO glyph (name, font, code_point, graphic)
	VALUES ('MONO_38', 'MONO', 38, 'MONO_38');
INSERT INTO graphic (name, bpp, height, width, pixels)
	VALUES ('MONO_39', 1, 7, 5, 'IQAAAAA=');
INSERT INTO glyph (name, font, code_point, graphic)
	VALUES ('MONO_39', 'MONO', 39, 'MONO_39');
INSERT INTO graphic (name, bpp, height, width, pixels)
	VALUES ('MONO_40', 1, 7, 5, 'ERCDEEA=');
INSERT INTO glyph (name, font, code_point, graphic)
	VALUES ('MONO_40', 'MONO', 40, 'MONO_40');
INSERT INTO graphic (name, bpp, height, width, pixels)
	VALUES ('MONO_41', 1, 7, 5, 'QQQhEQA=');
INSERT INTO glyph (name, font, code_point, graphic)
	VALUES ('MONO_41', 'MONO', 41, 'MONO_41');
INSERT INTO graphic (name, bpp, height, width, pixels)
	VALUES ('MONO_42', 1, 7, 5, 'JVxHVH8=');
INSERT INTO glyph (name, font, code_point, graphic)
	VALUES ('MONO_42', 'MONO', 42, 'MONO_42');
INSERT INTO graphic (name, bpp, height, width, pixels)
	VALUES ('MONO_43', 1, 7, 5, 'AQnxEAA=');
INSERT INTO glyph (name, font, code_point, graphic)
	VALUES ('MONO_43', 'MONO', 43, 'MONO_43');
INSERT INTO graphic (name, bpp, height, width, pixels)
	VALUES ('MONO_44', 1, 7, 5, 'AAACEQA=');
INSERT INTO glyph (name, font, code_point, graphic)
	VALUES ('MONO_44', 'MONO', 44, 'MONO_44');
INSERT INTO graphic (name, bpp, height, width, pixels)
	VALUES ('MONO_45', 1, 7, 5, 'AADfAAA=');
INSERT INTO glyph (name, font, code_point, graphic)
	VALUES ('MONO_45', 'MONO', 45, 'MONO_45');
INSERT INTO graphic (name, bpp, height, width, pixels)
	VALUES ('MONO_46', 1, 7, 5, 'AAAAMX8=');
INSERT INTO glyph (name, font, code_point, graphic)
	VALUES ('MONO_46', 'MONO', 46, 'MONO_46');
INSERT INTO graphic (name, bpp, height, width, pixels)
	VALUES ('MONO_47', 1, 7, 5, 'CINEIgA=');
INSERT INTO glyph (name, font, code_point, graphic)
	VALUES ('MONO_47', 'MONO', 47, 'MONO_47');
INSERT INTO graphic (name, bpp, height, width, pixels)
	VALUES ('MONO_48', 1, 7, 5, 'MlKTo78=');
INSERT INTO glyph (name, font, code_point, graphic)
	VALUES ('MONO_48', 'MONO', 48, 'MONO_48');
INSERT INTO graphic (name, bpp, height, width, pixels)
	VALUES ('MONO_49', 1, 7, 5, 'IwhCEb8=');
INSERT INTO glyph (name, font, code_point, graphic)
	VALUES ('MONO_49', 'MONO', 49, 'MONO_49');
INSERT INTO graphic (name, bpp, height, width, pixels)
	VALUES ('MONO_50', 1, 7, 5, 'dEJkQ98=');
INSERT INTO glyph (name, font, code_point, graphic)
	VALUES ('MONO_50', 'MONO', 50, 'MONO_50');
INSERT INTO graphic (name, bpp, height, width, pixels)
	VALUES ('MONO_51', 1, 7, 5, 'dEJgxL8=');
INSERT INTO glyph (name, font, code_point, graphic)
	VALUES ('MONO_51', 'MONO', 51, 'MONO_51');
INSERT INTO graphic (name, bpp, height, width, pixels)
	VALUES ('MONO_52', 1, 7, 5, 'EZQvh0A=');
INSERT INTO glyph (name, font, code_point, graphic)
	VALUES ('MONO_52', 'MONO', 52, 'MONO_52');
INSERT INTO graphic (name, bpp, height, width, pixels)
	VALUES ('MONO_53', 1, 7, 5, '+yDfxL8=');
INSERT INTO glyph (name, font, code_point, graphic)
	VALUES ('MONO_53', 'MONO', 53, 'MONO_53');
INSERT INTO graphic (name, bpp, height, width, pixels)
	VALUES ('MONO_54', 1, 7, 5, 'dGHnxL8=');
INSERT INTO glyph (name, font, code_point, graphic)
	VALUES ('MONO_54', 'MONO', 54, 'MONO_54');
INSERT INTO graphic (name, bpp, height, width, pixels)
	VALUES ('MONO_55', 1, 7, 5, '90RCIgA=');
INSERT INTO glyph (name, font, code_point, graphic)
	VALUES ('MONO_55', 'MONO', 55, 'MONO_55');
INSERT INTO graphic (name, bpp, height, width, pixels)
	VALUES ('MONO_56', 1, 7, 5, 'dGLnxL8=');
INSERT INTO glyph (name, font, code_point, graphic)
	VALUES ('MONO_56', 'MONO', 56, 'MONO_56');
INSERT INTO graphic (name, bpp, height, width, pixels)
	VALUES ('MONO_57', 1, 7, 5, 'dGLvxL8=');
INSERT INTO glyph (name, font, code_point, graphic)
	VALUES ('MONO_57', 'MONO', 57, 'MONO_57');
INSERT INTO graphic (name, bpp, height, width, pixels)
	VALUES ('MONO_58', 1, 7, 5, 'AxgGMAA=');
INSERT INTO glyph (name, font, code_point, graphic)
	VALUES ('MONO_58', 'MONO', 58, 'MONO_58');
INSERT INTO graphic (name, bpp, height, width, pixels)
	VALUES ('MONO_59', 1, 7, 5, 'AQgCIAA=');
INSERT INTO glyph (name, font, code_point, graphic)
	VALUES ('MONO_59', 'MONO', 59, 'MONO_59');
INSERT INTO graphic (name, bpp, height, width, pixels)
	VALUES ('MONO_60', 1, 7, 5, 'EREEEEA=');
INSERT INTO glyph (name, font, code_point, graphic)
	VALUES ('MONO_60', 'MONO', 60, 'MONO_60');
INSERT INTO graphic (name, bpp, height, width, pixels)
	VALUES ('MONO_61', 1, 7, 5, 'AD4PfwA=');
INSERT INTO glyph (name, font, code_point, graphic)
	VALUES ('MONO_61', 'MONO', 61, 'MONO_61');
INSERT INTO graphic (name, bpp, height, width, pixels)
	VALUES ('MONO_62', 1, 7, 5, 'QQQREQA=');
INSERT INTO glyph (name, font, code_point, graphic)
	VALUES ('MONO_62', 'MONO', 62, 'MONO_62');
INSERT INTO graphic (name, bpp, height, width, pixels)
	VALUES ('MONO_63', 1, 7, 5, 'ZINCAH8=');
INSERT INTO glyph (name, font, code_point, graphic)
	VALUES ('MONO_63', 'MONO', 63, 'MONO_63');
INSERT INTO graphic (name, bpp, height, width, pixels)
	VALUES ('MONO_64', 1, 7, 5, 'dGtoIL8=');
INSERT INTO glyph (name, font, code_point, graphic)
	VALUES ('MONO_64', 'MONO', 64, 'MONO_64');
INSERT INTO graphic (name, bpp, height, width, pixels)
	VALUES ('MONO_65', 1, 7, 5, 'dGMfxSA=');
INSERT INTO glyph (name, font, code_point, graphic)
	VALUES ('MONO_65', 'MONO', 65, 'MONO_65');
INSERT INTO graphic (name, bpp, height, width, pixels)
	VALUES ('MONO_66', 1, 7, 5, '82Pnxr8=');
INSERT INTO glyph (name, font, code_point, graphic)
	VALUES ('MONO_66', 'MONO', 66, 'MONO_66');
INSERT INTO graphic (name, bpp, height, width, pixels)
	VALUES ('MONO_67', 1, 7, 5, 'dGEIRb8=');
INSERT INTO glyph (name, font, code_point, graphic)
	VALUES ('MONO_67', 'MONO', 67, 'MONO_67');
INSERT INTO graphic (name, bpp, height, width, pixels)
	VALUES ('MONO_68', 1, 7, 5, '82MYxr8=');
INSERT INTO glyph (name, font, code_point, graphic)
	VALUES ('MONO_68', 'MONO', 68, 'MONO_68');
INSERT INTO graphic (name, bpp, height, width, pixels)
	VALUES ('MONO_69', 1, 7, 5, '+yHnQ98=');
INSERT INTO glyph (name, font, code_point, graphic)
	VALUES ('MONO_69', 'MONO', 69, 'MONO_69');
INSERT INTO graphic (name, bpp, height, width, pixels)
	VALUES ('MONO_70', 1, 7, 5, '+yHnQgA=');
INSERT INTO glyph (name, font, code_point, graphic)
	VALUES ('MONO_70', 'MONO', 70, 'MONO_70');
INSERT INTO graphic (name, bpp, height, width, pixels)
	VALUES ('MONO_71', 1, 7, 5, 'dGF4xN8=');
INSERT INTO glyph (name, font, code_point, graphic)
	VALUES ('MONO_71', 'MONO', 71, 'MONO_71');
INSERT INTO graphic (name, bpp, height, width, pixels)
	VALUES ('MONO_72', 1, 7, 5, 'i2P3xSA=');
INSERT INTO glyph (name, font, code_point, graphic)
	VALUES ('MONO_72', 'MONO', 72, 'MONO_72');
INSERT INTO graphic (name, bpp, height, width, pixels)
	VALUES ('MONO_73', 1, 7, 5, 'cQhCEb8=');
INSERT INTO glyph (name, font, code_point, graphic)
	VALUES ('MONO_73', 'MONO', 73, 'MONO_73');
INSERT INTO graphic (name, bpp, height, width, pixels)
	VALUES ('MONO_74', 1, 7, 5, 'EIMhSX8=');
INSERT INTO glyph (name, font, code_point, graphic)
	VALUES ('MONO_74', 'MONO', 74, 'MONO_74');
INSERT INTO graphic (name, bpp, height, width, pixels)
	VALUES ('MONO_75', 1, 7, 5, 'i6iJSiA=');
INSERT INTO glyph (name, font, code_point, graphic)
	VALUES ('MONO_75', 'MONO', 75, 'MONO_75');
INSERT INTO graphic (name, bpp, height, width, pixels)
	VALUES ('MONO_76', 1, 7, 5, 'gyEIQ98=');
INSERT INTO glyph (name, font, code_point, graphic)
	VALUES ('MONO_76', 'MONO', 76, 'MONO_76');
INSERT INTO graphic (name, bpp, height, width, pixels)
	VALUES ('MONO_77', 1, 7, 5, 'jeoYxSA=');
INSERT INTO glyph (name, font, code_point, graphic)
	VALUES ('MONO_77', 'MONO', 77, 'MONO_77');
INSERT INTO graphic (name, bpp, height, width, pixels)
	VALUES ('MONO_78', 1, 7, 5, 'i3NZxSA=');
INSERT INTO glyph (name, font, code_point, graphic)
	VALUES ('MONO_78', 'MONO', 78, 'MONO_78');
INSERT INTO graphic (name, bpp, height, width, pixels)
	VALUES ('MONO_79', 1, 7, 5, 'dGMYxL8=');
INSERT INTO glyph (name, font, code_point, graphic)
	VALUES ('MONO_79', 'MONO', 79, 'MONO_79');
INSERT INTO graphic (name, bpp, height, width, pixels)
	VALUES ('MONO_80', 1, 7, 5, '82PnQgA=');
INSERT INTO glyph (name, font, code_point, graphic)
	VALUES ('MONO_80', 'MONO', 80, 'MONO_80');
INSERT INTO graphic (name, bpp, height, width, pixels)
	VALUES ('MONO_81', 1, 7, 5, 'dGMayJ8=');
INSERT INTO glyph (name, font, code_point, graphic)
	VALUES ('MONO_81', 'MONO', 81, 'MONO_81');
INSERT INTO graphic (name, bpp, height, width, pixels)
	VALUES ('MONO_82', 1, 7, 5, '82PpSiA=');
INSERT INTO glyph (name, font, code_point, graphic)
	VALUES ('MONO_82', 'MONO', 82, 'MONO_82');
INSERT INTO graphic (name, bpp, height, width, pixels)
	VALUES ('MONO_83', 1, 7, 5, 'fCDfhr8=');
INSERT INTO glyph (name, font, code_point, graphic)
	VALUES ('MONO_83', 'MONO', 83, 'MONO_83');
INSERT INTO graphic (name, bpp, height, width, pixels)
	VALUES ('MONO_84', 1, 7, 5, '+AhCEH8=');
INSERT INTO glyph (name, font, code_point, graphic)
	VALUES ('MONO_84', 'MONO', 84, 'MONO_84');
INSERT INTO graphic (name, bpp, height, width, pixels)
	VALUES ('MONO_85', 1, 7, 5, 'i2MYxL8=');
INSERT INTO glyph (name, font, code_point, graphic)
	VALUES ('MONO_85', 'MONO', 85, 'MONO_85');
INSERT INTO graphic (name, bpp, height, width, pixels)
	VALUES ('MONO_86', 1, 7, 5, 'i2MYp38=');
INSERT INTO glyph (name, font, code_point, graphic)
	VALUES ('MONO_86', 'MONO', 86, 'MONO_86');
INSERT INTO graphic (name, bpp, height, width, pixels)
	VALUES ('MONO_87', 1, 7, 5, 'i2Ma1EA=');
INSERT INTO glyph (name, font, code_point, graphic)
	VALUES ('MONO_87', 'MONO', 87, 'MONO_87');
INSERT INTO graphic (name, bpp, height, width, pixels)
	VALUES ('MONO_88', 1, 7, 5, 'i1RFRiA=');
INSERT INTO glyph (name, font, code_point, graphic)
	VALUES ('MONO_88', 'MONO', 88, 'MONO_88');
INSERT INTO graphic (name, bpp, height, width, pixels)
	VALUES ('MONO_89', 1, 7, 5, 'i1RCEH8=');
INSERT INTO glyph (name, font, code_point, graphic)
	VALUES ('MONO_89', 'MONO', 89, 'MONO_89');
INSERT INTO graphic (name, bpp, height, width, pixels)
	VALUES ('MONO_90', 1, 7, 5, '90REQ98=');
INSERT INTO glyph (name, font, code_point, graphic)
	VALUES ('MONO_90', 'MONO', 90, 'MONO_90');
INSERT INTO graphic (name, bpp, height, width, pixels)
	VALUES ('MONO_91', 1, 7, 5, 'AAAAAAA=');
INSERT INTO glyph (name, font, code_point, graphic)
	VALUES ('MONO_91', 'MONO', 91, 'MONO_91');
INSERT INTO graphic (name, bpp, height, width, pixels)
	VALUES ('MONO_92', 1, 7, 5, 'AAAAAAA=');
INSERT INTO glyph (name, font, code_point, graphic)
	VALUES ('MONO_92', 'MONO', 92, 'MONO_92');
INSERT INTO graphic (name, bpp, height, width, pixels)
	VALUES ('MONO_93', 1, 7, 5, 'AAAAAAA=');
INSERT INTO glyph (name, font, code_point, graphic)
	VALUES ('MONO_93', 'MONO', 93, 'MONO_93');
INSERT INTO graphic (name, bpp, height, width, pixels)
	VALUES ('MONO_94', 1, 7, 5, 'AAAAAAA=');
INSERT INTO glyph (name, font, code_point, graphic)
	VALUES ('MONO_94', 'MONO', 94, 'MONO_94');
INSERT INTO graphic (name, bpp, height, width, pixels)
	VALUES ('MONO_95', 1, 7, 5, 'AAAAAAA=');
INSERT INTO glyph (name, font, code_point, graphic)
	VALUES ('MONO_95', 'MONO', 95, 'MONO_95');
INSERT INTO graphic (name, bpp, height, width, pixels)
	VALUES ('MONO_96', 1, 7, 5, 'AAAAAAA=');
INSERT INTO glyph (name, font, code_point, graphic)
	VALUES ('MONO_96', 'MONO', 96, 'MONO_96');
INSERT INTO graphic (name, bpp, height, width, pixels)
	VALUES ('MONO_97', 1, 7, 5, 'AAAAAAA=');
INSERT INTO glyph (name, font, code_point, graphic)
	VALUES ('MONO_97', 'MONO', 97, 'MONO_97');
INSERT INTO graphic (name, bpp, height, width, pixels)
	VALUES ('MONO_98', 1, 7, 5, 'AAAAAAA=');
INSERT INTO glyph (name, font, code_point, graphic)
	VALUES ('MONO_98', 'MONO', 98, 'MONO_98');
INSERT INTO graphic (name, bpp, height, width, pixels)
	VALUES ('MONO_99', 1, 7, 5, 'AAAAAAA=');
INSERT INTO glyph (name, font, code_point, graphic)
	VALUES ('MONO_99', 'MONO', 99, 'MONO_99');
