INSERT INTO font (name, height, width, line_spacing,
	char_spacing, version_id) VALUES ('NORMAL', 7, 0, 0, 2, 0);
INSERT INTO font (name, height, width, line_spacing,
	char_spacing, version_id) VALUES ('MONO', 7, 5, 0, 0, 0);

INSERT INTO graphic (name, bpp, height, width, pixels)
	VALUES ('NORMAL_32', 1, 7, 1, 'AA==');
INSERT INTO glyph (name, font, code_point, graphic)
	VALUES ('NORMAL_32', 'NORMAL', 32, 'NORMAL_32');
INSERT INTO graphic (name, bpp, height, width, pixels)
	VALUES ('NORMAL_33', 1, 7, 3, 'SSQQ');
INSERT INTO glyph (name, font, code_point, graphic)
	VALUES ('NORMAL_33', 'NORMAL', 33, 'NORMAL_33');
INSERT INTO graphic (name, bpp, height, width, pixels)
	VALUES ('NORMAL_34', 1, 7, 3, 'toAA');
INSERT INTO glyph (name, font, code_point, graphic)
	VALUES ('NORMAL_34', 'NORMAL', 34, 'NORMAL_34');
INSERT INTO graphic (name, bpp, height, width, pixels)
	VALUES ('NORMAL_35', 1, 7, 5, 'Ur6vqUA=');
INSERT INTO glyph (name, font, code_point, graphic)
	VALUES ('NORMAL_35', 'NORMAL', 35, 'NORMAL_35');
INSERT INTO graphic (name, bpp, height, width, pixels)
	VALUES ('NORMAL_36', 1, 7, 5, 'I+ji+IA=');
INSERT INTO glyph (name, font, code_point, graphic)
	VALUES ('NORMAL_36', 'NORMAL', 36, 'NORMAL_36');
INSERT INTO graphic (name, bpp, height, width, pixels)
	VALUES ('NORMAL_37', 1, 7, 5, 'xkRETGA=');
INSERT INTO glyph (name, font, code_point, graphic)
	VALUES ('NORMAL_37', 'NORMAL', 37, 'NORMAL_37');
INSERT INTO graphic (name, bpp, height, width, pixels)
	VALUES ('NORMAL_38', 1, 7, 5, 'RSiKyaA=');
INSERT INTO glyph (name, font, code_point, graphic)
	VALUES ('NORMAL_38', 'NORMAL', 38, 'NORMAL_38');
INSERT INTO graphic (name, bpp, height, width, pixels)
	VALUES ('NORMAL_39', 1, 7, 3, 'SQAA');
INSERT INTO glyph (name, font, code_point, graphic)
	VALUES ('NORMAL_39', 'NORMAL', 39, 'NORMAL_39');
INSERT INTO graphic (name, bpp, height, width, pixels)
	VALUES ('NORMAL_40', 1, 7, 3, 'KkiI');
INSERT INTO glyph (name, font, code_point, graphic)
	VALUES ('NORMAL_40', 'NORMAL', 40, 'NORMAL_40');
INSERT INTO graphic (name, bpp, height, width, pixels)
	VALUES ('NORMAL_41', 1, 7, 3, 'iJKg');
INSERT INTO glyph (name, font, code_point, graphic)
	VALUES ('NORMAL_41', 'NORMAL', 41, 'NORMAL_41');
INSERT INTO graphic (name, bpp, height, width, pixels)
	VALUES ('NORMAL_42', 1, 7, 7, 'EFEUFEUEAA==');
INSERT INTO glyph (name, font, code_point, graphic)
	VALUES ('NORMAL_42', 'NORMAL', 42, 'NORMAL_42');
INSERT INTO graphic (name, bpp, height, width, pixels)
	VALUES ('NORMAL_43', 1, 7, 5, 'AQnyEAA=');
INSERT INTO glyph (name, font, code_point, graphic)
	VALUES ('NORMAL_43', 'NORMAL', 43, 'NORMAL_43');
INSERT INTO graphic (name, bpp, height, width, pixels)
	VALUES ('NORMAL_44', 1, 7, 3, 'AASg');
INSERT INTO glyph (name, font, code_point, graphic)
	VALUES ('NORMAL_44', 'NORMAL', 44, 'NORMAL_44');
INSERT INTO graphic (name, bpp, height, width, pixels)
	VALUES ('NORMAL_45', 1, 7, 4, 'AA8AAA==');
INSERT INTO glyph (name, font, code_point, graphic)
	VALUES ('NORMAL_45', 'NORMAL', 45, 'NORMAL_45');
INSERT INTO graphic (name, bpp, height, width, pixels)
	VALUES ('NORMAL_46', 1, 7, 3, 'AAGw');
INSERT INTO glyph (name, font, code_point, graphic)
	VALUES ('NORMAL_46', 'NORMAL', 46, 'NORMAL_46');
INSERT INTO graphic (name, bpp, height, width, pixels)
	VALUES ('NORMAL_47', 1, 7, 5, 'AEREQAA=');
INSERT INTO glyph (name, font, code_point, graphic)
	VALUES ('NORMAL_47', 'NORMAL', 47, 'NORMAL_47');
INSERT INTO graphic (name, bpp, height, width, pixels)
	VALUES ('NORMAL_48', 1, 7, 4, 'aZmZYA==');
INSERT INTO glyph (name, font, code_point, graphic)
	VALUES ('NORMAL_48', 'NORMAL', 48, 'NORMAL_48');
INSERT INTO graphic (name, bpp, height, width, pixels)
	VALUES ('NORMAL_49', 1, 7, 3, 'WSS4');
INSERT INTO glyph (name, font, code_point, graphic)
	VALUES ('NORMAL_49', 'NORMAL', 49, 'NORMAL_49');
INSERT INTO graphic (name, bpp, height, width, pixels)
	VALUES ('NORMAL_50', 1, 7, 4, 'aRJI8A==');
INSERT INTO glyph (name, font, code_point, graphic)
	VALUES ('NORMAL_50', 'NORMAL', 50, 'NORMAL_50');
INSERT INTO graphic (name, bpp, height, width, pixels)
	VALUES ('NORMAL_51', 1, 7, 4, 'aRYZYA==');
INSERT INTO glyph (name, font, code_point, graphic)
	VALUES ('NORMAL_51', 'NORMAL', 51, 'NORMAL_51');
INSERT INTO graphic (name, bpp, height, width, pixels)
	VALUES ('NORMAL_52', 1, 7, 5, 'EZUviEA=');
INSERT INTO glyph (name, font, code_point, graphic)
	VALUES ('NORMAL_52', 'NORMAL', 52, 'NORMAL_52');
INSERT INTO graphic (name, bpp, height, width, pixels)
	VALUES ('NORMAL_53', 1, 7, 4, '+IYZYA==');
INSERT INTO glyph (name, font, code_point, graphic)
	VALUES ('NORMAL_53', 'NORMAL', 53, 'NORMAL_53');
INSERT INTO graphic (name, bpp, height, width, pixels)
	VALUES ('NORMAL_54', 1, 7, 4, 'aY6ZYA==');
INSERT INTO glyph (name, font, code_point, graphic)
	VALUES ('NORMAL_54', 'NORMAL', 54, 'NORMAL_54');
INSERT INTO graphic (name, bpp, height, width, pixels)
	VALUES ('NORMAL_55', 1, 7, 4, '8RIkQA==');
INSERT INTO glyph (name, font, code_point, graphic)
	VALUES ('NORMAL_55', 'NORMAL', 55, 'NORMAL_55');
INSERT INTO graphic (name, bpp, height, width, pixels)
	VALUES ('NORMAL_56', 1, 7, 4, 'aZaZYA==');
INSERT INTO glyph (name, font, code_point, graphic)
	VALUES ('NORMAL_56', 'NORMAL', 56, 'NORMAL_56');
INSERT INTO graphic (name, bpp, height, width, pixels)
	VALUES ('NORMAL_57', 1, 7, 4, 'aZcZYA==');
INSERT INTO glyph (name, font, code_point, graphic)
	VALUES ('NORMAL_57', 'NORMAL', 57, 'NORMAL_57');
INSERT INTO graphic (name, bpp, height, width, pixels)
	VALUES ('NORMAL_58', 1, 7, 2, 'CIA=');
INSERT INTO glyph (name, font, code_point, graphic)
	VALUES ('NORMAL_58', 'NORMAL', 58, 'NORMAL_58');
INSERT INTO graphic (name, bpp, height, width, pixels)
	VALUES ('NORMAL_59', 1, 7, 3, 'AQUA');
INSERT INTO glyph (name, font, code_point, graphic)
	VALUES ('NORMAL_59', 'NORMAL', 59, 'NORMAL_59');
INSERT INTO graphic (name, bpp, height, width, pixels)
	VALUES ('NORMAL_60', 1, 7, 4, 'EkhCEA==');
INSERT INTO glyph (name, font, code_point, graphic)
	VALUES ('NORMAL_60', 'NORMAL', 60, 'NORMAL_60');
INSERT INTO graphic (name, bpp, height, width, pixels)
	VALUES ('NORMAL_61', 1, 7, 5, 'AD4PgAA=');
INSERT INTO glyph (name, font, code_point, graphic)
	VALUES ('NORMAL_61', 'NORMAL', 61, 'NORMAL_61');
INSERT INTO graphic (name, bpp, height, width, pixels)
	VALUES ('NORMAL_62', 1, 7, 4, 'hCEkgA==');
INSERT INTO glyph (name, font, code_point, graphic)
	VALUES ('NORMAL_62', 'NORMAL', 62, 'NORMAL_62');
INSERT INTO graphic (name, bpp, height, width, pixels)
	VALUES ('NORMAL_63', 1, 7, 4, 'aRIgIA==');
INSERT INTO glyph (name, font, code_point, graphic)
	VALUES ('NORMAL_63', 'NORMAL', 63, 'NORMAL_63');
INSERT INTO graphic (name, bpp, height, width, pixels)
	VALUES ('NORMAL_64', 1, 7, 5, 'dG9bwcA=');
INSERT INTO glyph (name, font, code_point, graphic)
	VALUES ('NORMAL_64', 'NORMAL', 64, 'NORMAL_64');
INSERT INTO graphic (name, bpp, height, width, pixels)
	VALUES ('NORMAL_65', 1, 7, 4, 'aZ+ZkA==');
INSERT INTO glyph (name, font, code_point, graphic)
	VALUES ('NORMAL_65', 'NORMAL', 65, 'NORMAL_65');
INSERT INTO graphic (name, bpp, height, width, pixels)
	VALUES ('NORMAL_66', 1, 7, 4, '6Z6Z4A==');
INSERT INTO glyph (name, font, code_point, graphic)
	VALUES ('NORMAL_66', 'NORMAL', 66, 'NORMAL_66');
INSERT INTO graphic (name, bpp, height, width, pixels)
	VALUES ('NORMAL_67', 1, 7, 4, 'aYiJYA==');
INSERT INTO glyph (name, font, code_point, graphic)
	VALUES ('NORMAL_67', 'NORMAL', 67, 'NORMAL_67');
INSERT INTO graphic (name, bpp, height, width, pixels)
	VALUES ('NORMAL_68', 1, 7, 4, '6ZmZ4A==');
INSERT INTO glyph (name, font, code_point, graphic)
	VALUES ('NORMAL_68', 'NORMAL', 68, 'NORMAL_68');
INSERT INTO graphic (name, bpp, height, width, pixels)
	VALUES ('NORMAL_69', 1, 7, 4, '+I6I8A==');
INSERT INTO glyph (name, font, code_point, graphic)
	VALUES ('NORMAL_69', 'NORMAL', 69, 'NORMAL_69');
INSERT INTO graphic (name, bpp, height, width, pixels)
	VALUES ('NORMAL_70', 1, 7, 4, '+I6IgA==');
INSERT INTO glyph (name, font, code_point, graphic)
	VALUES ('NORMAL_70', 'NORMAL', 70, 'NORMAL_70');
INSERT INTO graphic (name, bpp, height, width, pixels)
	VALUES ('NORMAL_71', 1, 7, 4, 'aYi5cA==');
INSERT INTO glyph (name, font, code_point, graphic)
	VALUES ('NORMAL_71', 'NORMAL', 71, 'NORMAL_71');
INSERT INTO graphic (name, bpp, height, width, pixels)
	VALUES ('NORMAL_72', 1, 7, 4, 'mZ+ZkA==');
INSERT INTO glyph (name, font, code_point, graphic)
	VALUES ('NORMAL_72', 'NORMAL', 72, 'NORMAL_72');
INSERT INTO graphic (name, bpp, height, width, pixels)
	VALUES ('NORMAL_73', 1, 7, 1, '/w==');
INSERT INTO glyph (name, font, code_point, graphic)
	VALUES ('NORMAL_73', 'NORMAL', 73, 'NORMAL_73');
INSERT INTO graphic (name, bpp, height, width, pixels)
	VALUES ('NORMAL_74', 1, 7, 4, 'EREZYA==');
INSERT INTO glyph (name, font, code_point, graphic)
	VALUES ('NORMAL_74', 'NORMAL', 74, 'NORMAL_74');
INSERT INTO graphic (name, bpp, height, width, pixels)
	VALUES ('NORMAL_75', 1, 7, 4, 'maypkA==');
INSERT INTO glyph (name, font, code_point, graphic)
	VALUES ('NORMAL_75', 'NORMAL', 75, 'NORMAL_75');
INSERT INTO graphic (name, bpp, height, width, pixels)
	VALUES ('NORMAL_76', 1, 7, 4, 'iIiI8A==');
INSERT INTO glyph (name, font, code_point, graphic)
	VALUES ('NORMAL_76', 'NORMAL', 76, 'NORMAL_76');
INSERT INTO graphic (name, bpp, height, width, pixels)
	VALUES ('NORMAL_77', 1, 7, 7, 'g48dWrJkgA==');
INSERT INTO glyph (name, font, code_point, graphic)
	VALUES ('NORMAL_77', 'NORMAL', 77, 'NORMAL_77');
INSERT INTO graphic (name, bpp, height, width, pixels)
	VALUES ('NORMAL_78', 1, 7, 5, 'jnNZziA=');
INSERT INTO glyph (name, font, code_point, graphic)
	VALUES ('NORMAL_78', 'NORMAL', 78, 'NORMAL_78');
INSERT INTO graphic (name, bpp, height, width, pixels)
	VALUES ('NORMAL_79', 1, 7, 4, 'aZmZYA==');
INSERT INTO glyph (name, font, code_point, graphic)
	VALUES ('NORMAL_79', 'NORMAL', 79, 'NORMAL_79');
INSERT INTO graphic (name, bpp, height, width, pixels)
	VALUES ('NORMAL_80', 1, 7, 4, '6Z6IgA==');
INSERT INTO glyph (name, font, code_point, graphic)
	VALUES ('NORMAL_80', 'NORMAL', 80, 'NORMAL_80');
INSERT INTO graphic (name, bpp, height, width, pixels)
	VALUES ('NORMAL_81', 1, 7, 5, 'dGMayaA=');
INSERT INTO glyph (name, font, code_point, graphic)
	VALUES ('NORMAL_81', 'NORMAL', 81, 'NORMAL_81');
INSERT INTO graphic (name, bpp, height, width, pixels)
	VALUES ('NORMAL_82', 1, 7, 4, '6Z6pkA==');
INSERT INTO glyph (name, font, code_point, graphic)
	VALUES ('NORMAL_82', 'NORMAL', 82, 'NORMAL_82');
INSERT INTO graphic (name, bpp, height, width, pixels)
	VALUES ('NORMAL_83', 1, 7, 4, 'aYYZYA==');
INSERT INTO glyph (name, font, code_point, graphic)
	VALUES ('NORMAL_83', 'NORMAL', 83, 'NORMAL_83');
INSERT INTO graphic (name, bpp, height, width, pixels)
	VALUES ('NORMAL_84', 1, 7, 5, '+QhCEIA=');
INSERT INTO glyph (name, font, code_point, graphic)
	VALUES ('NORMAL_84', 'NORMAL', 84, 'NORMAL_84');
INSERT INTO graphic (name, bpp, height, width, pixels)
	VALUES ('NORMAL_85', 1, 7, 4, 'mZmZYA==');
INSERT INTO glyph (name, font, code_point, graphic)
	VALUES ('NORMAL_85', 'NORMAL', 85, 'NORMAL_85');
INSERT INTO graphic (name, bpp, height, width, pixels)
	VALUES ('NORMAL_86', 1, 7, 5, 'jGMVKIA=');
INSERT INTO glyph (name, font, code_point, graphic)
	VALUES ('NORMAL_86', 'NORMAL', 86, 'NORMAL_86');
INSERT INTO graphic (name, bpp, height, width, pixels)
	VALUES ('NORMAL_87', 1, 7, 7, 'gwYMmrjggA==');
INSERT INTO glyph (name, font, code_point, graphic)
	VALUES ('NORMAL_87', 'NORMAL', 87, 'NORMAL_87');
INSERT INTO graphic (name, bpp, height, width, pixels)
	VALUES ('NORMAL_88', 1, 7, 5, 'jFRFRiA=');
INSERT INTO glyph (name, font, code_point, graphic)
	VALUES ('NORMAL_88', 'NORMAL', 88, 'NORMAL_88');
INSERT INTO graphic (name, bpp, height, width, pixels)
	VALUES ('NORMAL_89', 1, 7, 5, 'jFRCEIA=');
INSERT INTO glyph (name, font, code_point, graphic)
	VALUES ('NORMAL_89', 'NORMAL', 89, 'NORMAL_89');
INSERT INTO graphic (name, bpp, height, width, pixels)
	VALUES ('NORMAL_90', 1, 7, 5, '+EREQ+A=');
INSERT INTO glyph (name, font, code_point, graphic)
	VALUES ('NORMAL_90', 'NORMAL', 90, 'NORMAL_90');
INSERT INTO graphic (name, bpp, height, width, pixels)
	VALUES ('NORMAL_91', 1, 7, 7, 'gICAkKDHgA==');
INSERT INTO glyph (name, font, code_point, graphic)
	VALUES ('NORMAL_91', 'NORMAL', 91, 'NORMAL_91');
INSERT INTO graphic (name, bpp, height, width, pixels)
	VALUES ('NORMAL_92', 1, 7, 7, 'Aggkihg8AA==');
INSERT INTO glyph (name, font, code_point, graphic)
	VALUES ('NORMAL_92', 'NORMAL', 92, 'NORMAL_92');
INSERT INTO graphic (name, bpp, height, width, pixels)
	VALUES ('NORMAL_93', 1, 7, 7, 'ECBElUcEAA==');
INSERT INTO glyph (name, font, code_point, graphic)
	VALUES ('NORMAL_93', 'NORMAL', 93, 'NORMAL_93');
INSERT INTO graphic (name, bpp, height, width, pixels)
	VALUES ('NORMAL_94', 1, 7, 7, 'HgwokgggAA==');
INSERT INTO glyph (name, font, code_point, graphic)
	VALUES ('NORMAL_94', 'NORMAL', 94, 'NORMAL_94');
INSERT INTO graphic (name, bpp, height, width, pixels)
	VALUES ('NORMAL_95', 1, 7, 7, '8YKEgICAgA==');
INSERT INTO glyph (name, font, code_point, graphic)
	VALUES ('NORMAL_95', 'NORMAL', 95, 'NORMAL_95');
INSERT INTO graphic (name, bpp, height, width, pixels)
	VALUES ('NORMAL_96', 1, 7, 7, 'EEEH9AQEAA==');
INSERT INTO glyph (name, font, code_point, graphic)
	VALUES ('NORMAL_96', 'NORMAL', 96, 'NORMAL_96');
INSERT INTO graphic (name, bpp, height, width, pixels)
	VALUES ('NORMAL_97', 1, 7, 7, 'EBAX8EEEAA==');
INSERT INTO glyph (name, font, code_point, graphic)
	VALUES ('NORMAL_97', 'NORMAL', 97, 'NORMAL_97');
INSERT INTO graphic (name, bpp, height, width, pixels)
	VALUES ('NORMAL_98', 1, 7, 7, 'EHFUkQIEAA==');
INSERT INTO glyph (name, font, code_point, graphic)
	VALUES ('NORMAL_98', 'NORMAL', 98, 'NORMAL_98');
INSERT INTO graphic (name, bpp, height, width, pixels)
	VALUES ('NORMAL_99', 1, 7, 3, 'VQAA');
INSERT INTO glyph (name, font, code_point, graphic)
	VALUES ('NORMAL_99', 'NORMAL', 99, 'NORMAL_99');

INSERT INTO graphic (name, bpp, height, width, pixels)
	VALUES ('MONO_32', 1, 7, 5, 'AAAAAAA=');
INSERT INTO glyph (name, font, code_point, graphic)
	VALUES ('MONO_32', 'MONO', 32, 'MONO_32');
INSERT INTO graphic (name, bpp, height, width, pixels)
	VALUES ('MONO_33', 1, 7, 5, 'IQhCAIA=');
INSERT INTO glyph (name, font, code_point, graphic)
	VALUES ('MONO_33', 'MONO', 33, 'MONO_33');
INSERT INTO graphic (name, bpp, height, width, pixels)
	VALUES ('MONO_34', 1, 7, 5, 'UoAAAAA=');
INSERT INTO glyph (name, font, code_point, graphic)
	VALUES ('MONO_34', 'MONO', 34, 'MONO_34');
INSERT INTO graphic (name, bpp, height, width, pixels)
	VALUES ('MONO_35', 1, 7, 5, 'Ur6vqUA=');
INSERT INTO glyph (name, font, code_point, graphic)
	VALUES ('MONO_35', 'MONO', 35, 'MONO_35');
INSERT INTO graphic (name, bpp, height, width, pixels)
	VALUES ('MONO_36', 1, 7, 5, 'I6jiuIA=');
INSERT INTO glyph (name, font, code_point, graphic)
	VALUES ('MONO_36', 'MONO', 36, 'MONO_36');
INSERT INTO graphic (name, bpp, height, width, pixels)
	VALUES ('MONO_37', 1, 7, 5, 'zoRELmA=');
INSERT INTO glyph (name, font, code_point, graphic)
	VALUES ('MONO_37', 'MONO', 37, 'MONO_37');
INSERT INTO graphic (name, bpp, height, width, pixels)
	VALUES ('MONO_38', 1, 7, 5, 'IompqaA=');
INSERT INTO glyph (name, font, code_point, graphic)
	VALUES ('MONO_38', 'MONO', 38, 'MONO_38');
INSERT INTO graphic (name, bpp, height, width, pixels)
	VALUES ('MONO_39', 1, 7, 5, 'IQAAAAA=');
INSERT INTO glyph (name, font, code_point, graphic)
	VALUES ('MONO_39', 'MONO', 39, 'MONO_39');
INSERT INTO graphic (name, bpp, height, width, pixels)
	VALUES ('MONO_40', 1, 7, 5, 'ERCEEEA=');
INSERT INTO glyph (name, font, code_point, graphic)
	VALUES ('MONO_40', 'MONO', 40, 'MONO_40');
INSERT INTO graphic (name, bpp, height, width, pixels)
	VALUES ('MONO_41', 1, 7, 5, 'QQQhEQA=');
INSERT INTO glyph (name, font, code_point, graphic)
	VALUES ('MONO_41', 'MONO', 41, 'MONO_41');
INSERT INTO graphic (name, bpp, height, width, pixels)
	VALUES ('MONO_42', 1, 7, 5, 'JVxHVIA=');
INSERT INTO glyph (name, font, code_point, graphic)
	VALUES ('MONO_42', 'MONO', 42, 'MONO_42');
INSERT INTO graphic (name, bpp, height, width, pixels)
	VALUES ('MONO_43', 1, 7, 5, 'AQnyEAA=');
INSERT INTO glyph (name, font, code_point, graphic)
	VALUES ('MONO_43', 'MONO', 43, 'MONO_43');
INSERT INTO graphic (name, bpp, height, width, pixels)
	VALUES ('MONO_44', 1, 7, 5, 'AAACEQA=');
INSERT INTO glyph (name, font, code_point, graphic)
	VALUES ('MONO_44', 'MONO', 44, 'MONO_44');
INSERT INTO graphic (name, bpp, height, width, pixels)
	VALUES ('MONO_45', 1, 7, 5, 'AADgAAA=');
INSERT INTO glyph (name, font, code_point, graphic)
	VALUES ('MONO_45', 'MONO', 45, 'MONO_45');
INSERT INTO graphic (name, bpp, height, width, pixels)
	VALUES ('MONO_46', 1, 7, 5, 'AAAAMYA=');
INSERT INTO glyph (name, font, code_point, graphic)
	VALUES ('MONO_46', 'MONO', 46, 'MONO_46');
INSERT INTO graphic (name, bpp, height, width, pixels)
	VALUES ('MONO_47', 1, 7, 5, 'CIREIgA=');
INSERT INTO glyph (name, font, code_point, graphic)
	VALUES ('MONO_47', 'MONO', 47, 'MONO_47');
INSERT INTO graphic (name, bpp, height, width, pixels)
	VALUES ('MONO_48', 1, 7, 5, 'MlKUpMA=');
INSERT INTO glyph (name, font, code_point, graphic)
	VALUES ('MONO_48', 'MONO', 48, 'MONO_48');
INSERT INTO graphic (name, bpp, height, width, pixels)
	VALUES ('MONO_49', 1, 7, 5, 'IwhCEcA=');
INSERT INTO glyph (name, font, code_point, graphic)
	VALUES ('MONO_49', 'MONO', 49, 'MONO_49');
INSERT INTO graphic (name, bpp, height, width, pixels)
	VALUES ('MONO_50', 1, 7, 5, 'dEJkQ+A=');
INSERT INTO glyph (name, font, code_point, graphic)
	VALUES ('MONO_50', 'MONO', 50, 'MONO_50');
INSERT INTO graphic (name, bpp, height, width, pixels)
	VALUES ('MONO_51', 1, 7, 5, 'dEJgxcA=');
INSERT INTO glyph (name, font, code_point, graphic)
	VALUES ('MONO_51', 'MONO', 51, 'MONO_51');
INSERT INTO graphic (name, bpp, height, width, pixels)
	VALUES ('MONO_52', 1, 7, 5, 'EZUviEA=');
INSERT INTO glyph (name, font, code_point, graphic)
	VALUES ('MONO_52', 'MONO', 52, 'MONO_52');
INSERT INTO graphic (name, bpp, height, width, pixels)
	VALUES ('MONO_53', 1, 7, 5, '/CDgxcA=');
INSERT INTO glyph (name, font, code_point, graphic)
	VALUES ('MONO_53', 'MONO', 53, 'MONO_53');
INSERT INTO graphic (name, bpp, height, width, pixels)
	VALUES ('MONO_54', 1, 7, 5, 'dGHoxcA=');
INSERT INTO glyph (name, font, code_point, graphic)
	VALUES ('MONO_54', 'MONO', 54, 'MONO_54');
INSERT INTO graphic (name, bpp, height, width, pixels)
	VALUES ('MONO_55', 1, 7, 5, '+ERCIgA=');
INSERT INTO glyph (name, font, code_point, graphic)
	VALUES ('MONO_55', 'MONO', 55, 'MONO_55');
INSERT INTO graphic (name, bpp, height, width, pixels)
	VALUES ('MONO_56', 1, 7, 5, 'dGLoxcA=');
INSERT INTO glyph (name, font, code_point, graphic)
	VALUES ('MONO_56', 'MONO', 56, 'MONO_56');
INSERT INTO graphic (name, bpp, height, width, pixels)
	VALUES ('MONO_57', 1, 7, 5, 'dGLwxcA=');
INSERT INTO glyph (name, font, code_point, graphic)
	VALUES ('MONO_57', 'MONO', 57, 'MONO_57');
INSERT INTO graphic (name, bpp, height, width, pixels)
	VALUES ('MONO_58', 1, 7, 5, 'AxgGMAA=');
INSERT INTO glyph (name, font, code_point, graphic)
	VALUES ('MONO_58', 'MONO', 58, 'MONO_58');
INSERT INTO graphic (name, bpp, height, width, pixels)
	VALUES ('MONO_59', 1, 7, 5, 'AQgCIAA=');
INSERT INTO glyph (name, font, code_point, graphic)
	VALUES ('MONO_59', 'MONO', 59, 'MONO_59');
INSERT INTO graphic (name, bpp, height, width, pixels)
	VALUES ('MONO_60', 1, 7, 5, 'EREEEEA=');
INSERT INTO glyph (name, font, code_point, graphic)
	VALUES ('MONO_60', 'MONO', 60, 'MONO_60');
INSERT INTO graphic (name, bpp, height, width, pixels)
	VALUES ('MONO_61', 1, 7, 5, 'AD4PgAA=');
INSERT INTO glyph (name, font, code_point, graphic)
	VALUES ('MONO_61', 'MONO', 61, 'MONO_61');
INSERT INTO graphic (name, bpp, height, width, pixels)
	VALUES ('MONO_62', 1, 7, 5, 'QQQREQA=');
INSERT INTO glyph (name, font, code_point, graphic)
	VALUES ('MONO_62', 'MONO', 62, 'MONO_62');
INSERT INTO graphic (name, bpp, height, width, pixels)
	VALUES ('MONO_63', 1, 7, 5, 'ZIRCAIA=');
INSERT INTO glyph (name, font, code_point, graphic)
	VALUES ('MONO_63', 'MONO', 63, 'MONO_63');
INSERT INTO graphic (name, bpp, height, width, pixels)
	VALUES ('MONO_64', 1, 7, 5, 'dGtoIMA=');
INSERT INTO glyph (name, font, code_point, graphic)
	VALUES ('MONO_64', 'MONO', 64, 'MONO_64');
INSERT INTO graphic (name, bpp, height, width, pixels)
	VALUES ('MONO_65', 1, 7, 5, 'dGMfxiA=');
INSERT INTO glyph (name, font, code_point, graphic)
	VALUES ('MONO_65', 'MONO', 65, 'MONO_65');
INSERT INTO graphic (name, bpp, height, width, pixels)
	VALUES ('MONO_66', 1, 7, 5, '9GPox8A=');
INSERT INTO glyph (name, font, code_point, graphic)
	VALUES ('MONO_66', 'MONO', 66, 'MONO_66');
INSERT INTO graphic (name, bpp, height, width, pixels)
	VALUES ('MONO_67', 1, 7, 5, 'dGEIRcA=');
INSERT INTO glyph (name, font, code_point, graphic)
	VALUES ('MONO_67', 'MONO', 67, 'MONO_67');
INSERT INTO graphic (name, bpp, height, width, pixels)
	VALUES ('MONO_68', 1, 7, 5, '9GMYx8A=');
INSERT INTO glyph (name, font, code_point, graphic)
	VALUES ('MONO_68', 'MONO', 68, 'MONO_68');
INSERT INTO graphic (name, bpp, height, width, pixels)
	VALUES ('MONO_69', 1, 7, 5, '/CHoQ+A=');
INSERT INTO glyph (name, font, code_point, graphic)
	VALUES ('MONO_69', 'MONO', 69, 'MONO_69');
INSERT INTO graphic (name, bpp, height, width, pixels)
	VALUES ('MONO_70', 1, 7, 5, '/CHoQgA=');
INSERT INTO glyph (name, font, code_point, graphic)
	VALUES ('MONO_70', 'MONO', 70, 'MONO_70');
INSERT INTO graphic (name, bpp, height, width, pixels)
	VALUES ('MONO_71', 1, 7, 5, 'dGF4xeA=');
INSERT INTO glyph (name, font, code_point, graphic)
	VALUES ('MONO_71', 'MONO', 71, 'MONO_71');
INSERT INTO graphic (name, bpp, height, width, pixels)
	VALUES ('MONO_72', 1, 7, 5, 'jGP4xiA=');
INSERT INTO glyph (name, font, code_point, graphic)
	VALUES ('MONO_72', 'MONO', 72, 'MONO_72');
INSERT INTO graphic (name, bpp, height, width, pixels)
	VALUES ('MONO_73', 1, 7, 5, 'cQhCEcA=');
INSERT INTO glyph (name, font, code_point, graphic)
	VALUES ('MONO_73', 'MONO', 73, 'MONO_73');
INSERT INTO graphic (name, bpp, height, width, pixels)
	VALUES ('MONO_74', 1, 7, 5, 'EIQhSYA=');
INSERT INTO glyph (name, font, code_point, graphic)
	VALUES ('MONO_74', 'MONO', 74, 'MONO_74');
INSERT INTO graphic (name, bpp, height, width, pixels)
	VALUES ('MONO_75', 1, 7, 5, 'jKmKSiA=');
INSERT INTO glyph (name, font, code_point, graphic)
	VALUES ('MONO_75', 'MONO', 75, 'MONO_75');
INSERT INTO graphic (name, bpp, height, width, pixels)
	VALUES ('MONO_76', 1, 7, 5, 'hCEIQ+A=');
INSERT INTO glyph (name, font, code_point, graphic)
	VALUES ('MONO_76', 'MONO', 76, 'MONO_76');
INSERT INTO graphic (name, bpp, height, width, pixels)
	VALUES ('MONO_77', 1, 7, 5, 'jusYxiA=');
INSERT INTO glyph (name, font, code_point, graphic)
	VALUES ('MONO_77', 'MONO', 77, 'MONO_77');
INSERT INTO graphic (name, bpp, height, width, pixels)
	VALUES ('MONO_78', 1, 7, 5, 'jHNZxiA=');
INSERT INTO glyph (name, font, code_point, graphic)
	VALUES ('MONO_78', 'MONO', 78, 'MONO_78');
INSERT INTO graphic (name, bpp, height, width, pixels)
	VALUES ('MONO_79', 1, 7, 5, 'dGMYxcA=');
INSERT INTO glyph (name, font, code_point, graphic)
	VALUES ('MONO_79', 'MONO', 79, 'MONO_79');
INSERT INTO graphic (name, bpp, height, width, pixels)
	VALUES ('MONO_80', 1, 7, 5, '9GPoQgA=');
INSERT INTO glyph (name, font, code_point, graphic)
	VALUES ('MONO_80', 'MONO', 80, 'MONO_80');
INSERT INTO graphic (name, bpp, height, width, pixels)
	VALUES ('MONO_81', 1, 7, 5, 'dGMayaA=');
INSERT INTO glyph (name, font, code_point, graphic)
	VALUES ('MONO_81', 'MONO', 81, 'MONO_81');
INSERT INTO graphic (name, bpp, height, width, pixels)
	VALUES ('MONO_82', 1, 7, 5, '9GPqSiA=');
INSERT INTO glyph (name, font, code_point, graphic)
	VALUES ('MONO_82', 'MONO', 82, 'MONO_82');
INSERT INTO graphic (name, bpp, height, width, pixels)
	VALUES ('MONO_83', 1, 7, 5, 'fCDgh8A=');
INSERT INTO glyph (name, font, code_point, graphic)
	VALUES ('MONO_83', 'MONO', 83, 'MONO_83');
INSERT INTO graphic (name, bpp, height, width, pixels)
	VALUES ('MONO_84', 1, 7, 5, '+QhCEIA=');
INSERT INTO glyph (name, font, code_point, graphic)
	VALUES ('MONO_84', 'MONO', 84, 'MONO_84');
INSERT INTO graphic (name, bpp, height, width, pixels)
	VALUES ('MONO_85', 1, 7, 5, 'jGMYxcA=');
INSERT INTO glyph (name, font, code_point, graphic)
	VALUES ('MONO_85', 'MONO', 85, 'MONO_85');
INSERT INTO graphic (name, bpp, height, width, pixels)
	VALUES ('MONO_86', 1, 7, 5, 'jGMYqIA=');
INSERT INTO glyph (name, font, code_point, graphic)
	VALUES ('MONO_86', 'MONO', 86, 'MONO_86');
INSERT INTO graphic (name, bpp, height, width, pixels)
	VALUES ('MONO_87', 1, 7, 5, 'jGMa1UA=');
INSERT INTO glyph (name, font, code_point, graphic)
	VALUES ('MONO_87', 'MONO', 87, 'MONO_87');
INSERT INTO graphic (name, bpp, height, width, pixels)
	VALUES ('MONO_88', 1, 7, 5, 'jFRFRiA=');
INSERT INTO glyph (name, font, code_point, graphic)
	VALUES ('MONO_88', 'MONO', 88, 'MONO_88');
INSERT INTO graphic (name, bpp, height, width, pixels)
	VALUES ('MONO_89', 1, 7, 5, 'jFRCEIA=');
INSERT INTO glyph (name, font, code_point, graphic)
	VALUES ('MONO_89', 'MONO', 89, 'MONO_89');
INSERT INTO graphic (name, bpp, height, width, pixels)
	VALUES ('MONO_90', 1, 7, 5, '+EREQ+A=');
INSERT INTO glyph (name, font, code_point, graphic)
	VALUES ('MONO_90', 'MONO', 90, 'MONO_90');
INSERT INTO graphic (name, bpp, height, width, pixels)
	VALUES ('MONO_91', 1, 7, 5, 'AAAAAAA=');
INSERT INTO glyph (name, font, code_point, graphic)
	VALUES ('MONO_91', 'MONO', 91, 'MONO_91');
INSERT INTO graphic (name, bpp, height, width, pixels)
	VALUES ('MONO_92', 1, 7, 5, 'AAAAAAA=');
INSERT INTO glyph (name, font, code_point, graphic)
	VALUES ('MONO_92', 'MONO', 92, 'MONO_92');
INSERT INTO graphic (name, bpp, height, width, pixels)
	VALUES ('MONO_93', 1, 7, 5, 'AAAAAAA=');
INSERT INTO glyph (name, font, code_point, graphic)
	VALUES ('MONO_93', 'MONO', 93, 'MONO_93');
INSERT INTO graphic (name, bpp, height, width, pixels)
	VALUES ('MONO_94', 1, 7, 5, 'AAAAAAA=');
INSERT INTO glyph (name, font, code_point, graphic)
	VALUES ('MONO_94', 'MONO', 94, 'MONO_94');
INSERT INTO graphic (name, bpp, height, width, pixels)
	VALUES ('MONO_95', 1, 7, 5, 'AAAAAAA=');
INSERT INTO glyph (name, font, code_point, graphic)
	VALUES ('MONO_95', 'MONO', 95, 'MONO_95');
INSERT INTO graphic (name, bpp, height, width, pixels)
	VALUES ('MONO_96', 1, 7, 5, 'AAAAAAA=');
INSERT INTO glyph (name, font, code_point, graphic)
	VALUES ('MONO_96', 'MONO', 96, 'MONO_96');
INSERT INTO graphic (name, bpp, height, width, pixels)
	VALUES ('MONO_97', 1, 7, 5, 'AAAAAAA=');
INSERT INTO glyph (name, font, code_point, graphic)
	VALUES ('MONO_97', 'MONO', 97, 'MONO_97');
INSERT INTO graphic (name, bpp, height, width, pixels)
	VALUES ('MONO_98', 1, 7, 5, 'AAAAAAA=');
INSERT INTO glyph (name, font, code_point, graphic)
	VALUES ('MONO_98', 'MONO', 98, 'MONO_98');
INSERT INTO graphic (name, bpp, height, width, pixels)
	VALUES ('MONO_99', 1, 7, 5, 'AAAAAAA=');
INSERT INTO glyph (name, font, code_point, graphic)
	VALUES ('MONO_99', 'MONO', 99, 'MONO_99');
